id,xcoord,ycoord
619,0,8.727691563
2608,0.004755178,3.049241836
665,0.010086226,9.601135633
2635,0.018182353,3.196636105
1174,0.018960451,6.719818515
2636,0.026188642,3.031431276
1057,0.026317681,2.68371717
530,0.030577525,0.137386594
506,0.031052668,0.176207463
2615,0.032468716,3.859843737
535,0.035081429,0.311554869
511,0.040824179,0.182777054
671,0.040910814,9.189101878
2627,0.045467765,3.283725541
1175,0.04935153,6.809136861
536,0.052871417,0.12215559
1177,0.052909846,6.075707795
1188,0.054059571,6.68610717
2292,0.055046002,8.396311204
1178,0.062671948,6.113809116
1066,0.06432468,2.386087897
620,0.067431662,8.163265064
2297,0.067912251,8.33157626
2733,0.078810982,3.089190563
2619,0.082267262,3.70698048
1179,0.086226332,6.427856463
516,0.105345851,0.966368097
529,0.112440758,0.346113255
1181,0.113333055,6.073503877
29,0.11825596,1.14456197
2294,0.132863715,8.053081787
2581,0.132868175,4.513493034
1056,0.144334246,2.187406094
2609,0.148554672,3.404295339
26,0.15860651,1.280336553
512,0.161940004,0.990067541
31,0.163666017,1.422904066
2622,0.164342395,3.846431954
514,0.171648461,0.276803249
1069,0.175843878,2.828205948
504,0.182824611,0.167275974
19,0.185395826,1.281943802
945,0.188068901,2.987040202
3394,0.189446783,7.861445413
618,0.190455448,8.71876212
2575,0.202163548,4.299348599
2624,0.202690815,3.193601766
949,0.207527428,2.385968549
2618,0.21310186,3.246311781
1058,0.216684926,2.592991809
1064,0.22263423,2.138050731
517,0.23290124,0.594409758
951,0.236067672,2.8635064
1063,0.238685276,2.416471336
515,0.249660738,0.072395361
3395,0.249960132,7.889922179
2574,0.253807362,4.335344624
30,0.259585743,1.602102251
957,0.260784443,2.786214259
2577,0.282436775,4.930475531
956,0.295634171,2.912244115
664,0.29581155,9.107862182
2291,0.303637376,8.884524615
2298,0.309016695,8.341396074
1167,0.309419023,6.091368285
2616,0.309517038,3.718707082
508,0.310528403,0.114422571
534,0.310677481,0.783803782
2288,0.320421124,8.825626172
1176,0.321250242,5.993771549
1169,0.32975529,6.053621707
3397,0.329775827,7.033485095
519,0.335147813,0.566045016
2296,0.339793281,8.834320244
1061,0.340118697,2.696437486
2623,0.341273442,3.952539527
947,0.351049517,2.62088987
1067,0.360475937,2.269403973
2626,0.362114263,3.959788562
18,0.365124864,1.846566032
2634,0.366940008,3.93788653
520,0.368760456,0.416273065
608,0.375410076,8.321904386
610,0.386398951,8.009929751
509,0.389179969,0.281402922
675,0.398122477,9.313700263
510,0.399125818,0.288473801
3391,0.399179635,7.040615035
2286,0.399402905,8.169853155
857,0.400721241,5.758938089
17,0.403922665,1.835198383
2728,0.405683563,3.789075415
32,0.406325261,1.774853061
2290,0.4088921,8.475955147
2287,0.420575164,8.360191014
1070,0.429930416,2.320018362
20,0.437928878,1.875676742
607,0.440032258,8.955100117
2607,0.445366222,3.034431405
2300,0.449631162,8.792109381
2611,0.452064494,3.372723527
3387,0.454736611,7.217383781
946,0.456908537,2.361035627
3383,0.464359594,7.375524741
1060,0.46610483,2.150254348
621,0.474000085,8.648942841
21,0.478312871,1.267710088
2610,0.491150523,3.109754425
2628,0.491834629,3.767647099
3382,0.497267284,7.939865034
522,0.501855682,0.781413749
2586,0.507455954,4.21374806
540,0.508648129,0.584521235
541,0.514911974,0.14761606
2612,0.520406276,3.635613404
1170,0.523565542,6.494735067
955,0.525142247,2.604549
858,0.526940506,5.498592245
2295,0.531095385,8.380912141
528,0.532566725,0.894312395
2293,0.541396205,8.901841983
2576,0.546062472,4.396857723
2726,0.546762024,3.837038536
2299,0.546821402,8.148622835
617,0.549337834,8.252780598
2629,0.550894466,3.340068528
22,0.551150949,1.414917783
525,0.553524479,0.550470569
3389,0.55562298,7.512237889
2620,0.556290528,3.05895358
1180,0.559641503,6.579071503
527,0.566308951,0.913320454
2729,0.566694537,3.487856889
952,0.566857799,2.583534708
526,0.587130798,0.133419949
2587,0.589760814,4.533452163
2301,0.591462875,8.073878338
1055,0.596629653,2.312849769
2617,0.598983094,3.003601756
1182,0.601290038,6.599783223
666,0.606036578,9.37685
27,0.607155046,1.025979269
2727,0.609044585,3.269462767
539,0.609921953,0.623703147
2632,0.614120774,3.803850369
855,0.622080209,5.716299725
3384,0.623438884,7.933845567
2625,0.624238005,2.998760082
616,0.639316988,8.984628231
1068,0.645749073,2.058717899
2289,0.663299885,8.945459826
678,0.670858349,9.034251222
663,0.67139612,9.230657538
524,0.680603716,0.213315933
2621,0.687999906,3.347422283
23,0.703650239,1.782229368
2637,0.708169335,3.704688521
3388,0.711446462,7.401178357
28,0.712672739,1.77350735
948,0.715581583,2.392145786
3396,0.721273218,7.20247795
1187,0.724092074,6.589599858
677,0.727263584,9.991600394
943,0.731112883,2.486562125
24,0.740253985,1.289555163
2306,0.740779512,8.49920036
2307,0.743599768,8.388853262
1062,0.747136798,2.853433892
518,0.759502901,0.229659004
950,0.759715167,2.220294915
1048,0.761126422,2.34457298
672,0.777305037,9.124544737
615,0.788159455,8.53131295
542,0.788885097,0.611773027
3390,0.789457544,7.109739164
1059,0.795517938,2.499228297
531,0.798503694,0.204716746
25,0.803950152,1.646953292
1049,0.804473221,2.538509592
609,0.810214923,8.489706686
856,0.81228494,5.587670539
503,0.826455244,0.668470929
622,0.827793334,8.946643477
521,0.853604462,0.04078327
676,0.858989103,9.858509001
2606,0.86411195,3.958947452
673,0.870949629,9.583544301
1065,0.896735469,2.328393275
2588,0.897813809,4.445235089
537,0.902404662,0.566434676
1050,0.917042879,2.304892074
532,0.920548964,0.989760173
669,0.921002206,9.251734104
2613,0.923276344,3.383436322
505,0.925297917,0.021642238
2631,0.936547579,3.066156679
533,0.940630117,0.752322604
670,0.940872788,9.427808578
513,0.945229854,0.8822168
523,0.952476109,0.217871882
2630,0.960290403,3.418377398
958,0.961971561,2.363549776
3385,0.963047359,7.327020496
1168,0.964916454,6.178979913
944,0.976197446,2.488718647
37,0.976936457,1.185588573
2585,0.988693487,8.26791425
2592,0.989887984,8.578191231
2614,0.991487886,3.041357975
668,1.001615291,9.561531039
207,1.007065165,9.513439882
3269,1.008874169,5.477205763
2379,1.014165302,1.14082089
205,1.017259852,9.276289585
146,1.022376525,3.251515395
2445,1.022660303,2.240550037
2422,1.030020132,0.237653346
2441,1.062945454,2.99251588
2458,1.063667648,2.858191036
3250,1.074485881,4.039758354
471,1.091537633,6.80598064
3368,1.094652976,4.729001366
2272,1.102947202,0.749499564
3372,1.103964945,4.769259391
2281,1.105313546,0.509712525
2596,1.108278351,8.061054139
2450,1.117111471,2.178206327
2368,1.117677059,1.799593699
3251,1.11816896,4.829167521
472,1.123779115,6.844273541
2483,1.129177408,8.348477627
3369,1.143518206,4.147018237
2451,1.146087188,2.531113986
2453,1.155267823,2.700734874
139,1.156378176,3.683912186
2277,1.159427793,0.948558461
2595,1.166399504,8.943648747
201,1.183278512,9.606071038
214,1.191728844,9.761669834
3367,1.200358756,4.857302748
202,1.204077274,9.753577453
2446,1.208529889,2.133399803
2362,1.209541411,1.67123723
485,1.209680683,6.221632714
2438,1.2122728,2.973998705
153,1.214605135,3.987351168
148,1.218495878,3.113659321
2447,1.237648886,2.251895836
213,1.2418725,9.979837342
2423,1.246633586,0.283853894
3265,1.260780535,5.03191813
2276,1.274264039,0.570175282
3255,1.284595323,5.246374919
3360,1.285455164,4.244269333
963,1.286882824,7.837406654
2443,1.290316522,2.697431935
211,1.290953205,9.148945739
2283,1.291190807,0.232865692
3247,1.291641311,4.542203293
198,1.318230338,9.140418122
2414,1.318575996,0.751759964
3252,1.320274762,4.653586316
158,1.332562832,3.678056321
2280,1.336715193,0.953699797
2415,1.338943046,0.578226515
155,1.348397554,3.271630133
2598,1.353626464,8.965916121
3258,1.357408734,4.806407436
2424,1.366706608,0.242728267
2593,1.367839249,8.652777431
2421,1.371980782,0.691142514
3270,1.373747632,5.927698677
208,1.383779964,9.061103632
2358,1.399903825,1.385888655
3371,1.400467753,4.774959325
149,1.406640894,3.083139528
2274,1.41340291,0.34171541
141,1.414999422,3.570576621
133,1.421698403,3.877341123
2597,1.426860531,8.475790639
3262,1.433196179,5.646946392
2440,1.439548989,2.565012171
3373,1.440341401,4.001832869
2600,1.44449656,8.073562825
3256,1.449660178,5.507086917
2265,1.453448958,0.465906625
2591,1.45512797,8.234431254
2434,1.462089991,0.124989129
2416,1.464094472,0.914490633
478,1.466205257,6.71764277
2594,1.474267145,8.655908378
483,1.478280225,6.48131183
964,1.478652842,7.820248888
3263,1.480020855,5.452093783
474,1.501936019,6.902545809
3246,1.502900281,4.204218422
3276,1.511699232,5.160766478
2360,1.514680945,1.257738825
3271,1.51473196,5.932726886
206,1.514760761,9.277858056
2369,1.516036903,1.337897994
140,1.519999465,3.017209661
2428,1.520987293,0.303771426
152,1.522626503,3.327581105
3264,1.526736354,5.593401841
3361,1.531572768,4.735091929
212,1.537163885,9.717377934
130,1.539462366,3.697502409
484,1.540003212,6.83550181
479,1.541517286,6.260109169
3274,1.550584969,5.910385149
144,1.552495315,3.257817636
156,1.554089758,3.467768832
2604,1.555968512,8.108724965
953,1.556119384,7.268661547
2372,1.557907168,1.418432514
2370,1.55897992,1.220296798
965,1.568483377,7.001496595
3268,1.594388916,5.68077896
3267,1.605774901,5.434572033
157,1.61425226,3.260953342
128,1.617810642,3.276806608
2359,1.61814327,1.169440916
3261,1.623733545,4.846446086
150,1.630868113,3.554264342
136,1.632131788,3.438310541
2366,1.642612873,1.387231398
194,1.6461885,9.743724704
2442,1.651148765,2.211143619
2602,1.65456155,8.973325133
191,1.662786129,9.579246569
2279,1.684809673,0.058135835
2448,1.68830148,2.172436314
3254,1.688835115,4.04763138
2353,1.695467589,1.990915424
473,1.706330718,6.566727452
138,1.710153868,3.708834595
3277,1.724705153,5.477112038
134,1.726277164,3.609055103
2439,1.736527478,2.709610959
3257,1.737993336,5.036657241
3259,1.74069782,4.411860604
2278,1.744683833,0.831002125
3249,1.746474084,4.548277971
2449,1.757866161,2.710810052
204,1.759563058,9.675847055
2284,1.759849634,0.704867854
2378,1.774290227,1.586515296
2601,1.776785416,8.453570107
2605,1.782650262,8.033628465
3275,1.790889009,5.232283362
2482,1.79478393,8.453342183
2367,1.797177958,1.458278627
142,1.800053852,3.331995487
2418,1.806944494,0.502232926
2364,1.808499498,1.053619606
480,1.817538102,6.382714149
2425,1.818867961,0.634013049
2590,1.819604467,8.960991876
129,1.822548769,3.867772981
2426,1.827176735,0.60491973
147,1.828087029,3.900727371
2361,1.828515932,1.847459325
2417,1.829485545,0.135629223
143,1.83569503,3.209365661
2419,1.843125181,0.803639838
2270,1.8443011,0.490552369
3370,1.849874572,4.960599432
137,1.853885552,3.291466599
477,1.854846575,6.467241655
2371,1.86243904,1.159797326
2380,1.8679261,1.340154563
199,1.868308059,9.519803408
2420,1.870226133,0.171530881
2273,1.87060008,0.087005346
954,1.884633922,7.571499533
197,1.885401067,9.966904292
2429,1.885731513,0.072271408
2427,1.886405526,0.371986884
3266,1.887935901,5.893175745
2603,1.890580392,8.288740211
200,1.894934255,9.229855372
2285,1.901434469,0.217539443
127,1.904084603,3.13463665
3253,1.911933674,4.316541054
2599,1.915285166,8.696935709
3248,1.919779901,4.726306394
2444,1.926852112,2.239003979
2452,1.927045063,2.315989077
193,1.931060335,9.151618036
2373,1.931403307,1.604595818
2282,1.93579606,0.115328613
2271,1.940800211,0.859225299
203,1.941377042,9.015176731
3260,1.942085169,4.913501653
3272,1.942845297,5.355009765
145,1.9462056,3.619443099
486,1.95201449,6.278802282
2275,1.955098342,0.938538163
192,1.958292879,9.446993012
2365,1.960007986,1.136773089
2363,1.962030222,1.122067792
151,1.977414124,3.06585253
3366,1.977660867,4.320362283
1003,1.996770289,1.450350109
1261,1.999276722,5.862003384
3083,2.001933338,4.702755822
382,2.001943351,0.100365086
3098,2.002279855,4.786393686
135,2.003820955,3.416597209
1857,2.012925483,7.805745622
3105,2.014772847,4.409053698
388,2.01675205,0.929975505
3106,2.018764766,4.21283583
1642,2.018948632,2.084435076
389,2.025823339,0
393,2.026034496,0.697872933
234,2.027162254,0.418685169
977,2.027192945,1.492151589
395,2.027412868,0.273121079
979,2.030093495,1.453342085
2385,2.032604792,9.699717129
1645,2.033625134,2.78513638
392,2.034437435,0.943312336
3063,2.034720761,4.425776535
1798,2.035422295,3.163283855
215,2.039352425,0.072075532
978,2.039656894,1.999182991
1810,2.046504304,3.073912373
2399,2.056168091,9.378821097
1203,2.056606471,8.498797987
228,2.06065523,0.705233818
1248,2.06461251,5.054282389
217,2.066482005,0.112206244
2403,2.068164081,9.690343781
216,2.06875368,0.395739681
2401,2.072278265,9.410356443
1723,2.074891352,3.991056158
1644,2.080107368,2.120487795
3084,2.085243365,4.095739347
3109,2.08543153,4.571992827
1714,2.095897721,3.356576942
1321,2.09897824,8.374420097
3055,2.107554917,4.921819918
3108,2.112936108,4.860527316
989,2.113121564,1.398072638
972,2.11951318,1.649809288
1004,2.122722,1.629254639
3095,2.123012317,4.264880791
982,2.13263934,1.180052947
1325,2.137719973,8.579472004
238,2.150821905,0.624348948
1819,2.152927053,3.89384165
1257,2.155809874,5.841963388
402,2.160638069,0.959447089
3073,2.167638688,4.36864477
3086,2.170058296,4.772360483
1320,2.171302094,8.964627398
237,2.172834392,0.974307309
223,2.179735689,0.067708086
404,2.181662781,0.58063722
981,2.181794893,1.369642039
3089,2.188767556,4.655178431
1868,2.201339397,7.621834508
2392,2.212005613,9.106146517
372,2.213893258,0.3266115
2386,2.215001119,9.579816922
1231,2.215862801,5.315607219
390,2.224522561,0.091915268
1253,2.229417539,5.101215733
2406,2.231860135,9.913556743
1822,2.233317482,3.103797927
1639,2.233807324,2.028391682
3077,2.234840573,4.307641099
1829,2.236420221,3.337412149
1258,2.238761625,5.429286758
1224,2.239537359,5.61044943
985,2.245879586,1.101374051
1232,2.248364711,5.831994958
367,2.261359547,0.927686658
373,2.263922374,0.426332156
1804,2.264533878,3.738134281
2374,2.26660204,6.505794953
1856,2.267079556,7.055323761
1816,2.267499403,3.635690176
1238,2.267975317,5.762563313
974,2.273499574,1.316650959
2390,2.276567628,9.980731347
3066,2.282963546,4.361813252
1712,2.283713418,3.108124027
3087,2.284198773,4.187199079
374,2.285072396,0.91330543
1831,2.286735465,3.109585631
3078,2.290720724,4.294807994
232,2.290777228,0.339326359
3059,2.29100716,4.532061646
1805,2.29419853,3.38905553
2411,2.300350963,9.645441846
2413,2.30110297,9.829592461
3100,2.302080436,4.868284972
997,2.308978151,1.257979887
3081,2.309483617,4.609270402
980,2.310319813,1.65287851
1814,2.312713281,3.441014486
3318,2.313455188,2.088987981
381,2.31610237,0.55698543
399,2.317564152,0.215924506
1225,2.317737235,5.851095833
1226,2.320176444,5.352116109
1234,2.320583221,5.819305737
2387,2.321903772,9.935010988
2376,2.323027667,9.162247961
1717,2.323184795,3.468565768
1825,2.324183464,3.724085489
2402,2.325427851,9.828428608
371,2.326183405,0.526590308
1242,2.329675738,5.558734966
986,2.329699287,1.699906506
994,2.337595281,1.44836718
411,2.349913434,0.098202797
1812,2.353656375,3.19832713
2383,2.358999521,9.673722648
3062,2.361198503,3.998883115
3317,2.362066342,2.705153102
226,2.36445621,0.300743567
968,2.364559992,1.74741382
403,2.368442819,0.987766637
229,2.385132362,0.811235009
3067,2.394589623,4.578111218
3065,2.406487304,4.863167655
225,2.408835082,0.307861468
384,2.410441938,0.902055729
987,2.41102252,1.88168164
962,2.413033272,1.620185962
1255,2.416204683,5.580462918
3104,2.417753686,4.32725918
3103,2.421650201,4.265176282
3433,2.429568951,4.403079888
1799,2.429682774,3.22481848
1236,2.431410681,5.062282749
1828,2.4337454,3.210808466
3102,2.43828962,4.234265486
233,2.438963331,0.959622767
3101,2.444560133,4.565477714
3324,2.452623691,2.460865949
1249,2.456029158,5.429126026
2398,2.463489582,9.214662828
3325,2.46854073,2.714201928
1711,2.468867445,3.759175105
1724,2.474769723,3.83892
1632,2.478417004,2.105352725
996,2.479357057,1.893711958
3091,2.480740186,4.55443844
3099,2.481171068,4.726042395
3323,2.481591737,2.762200385
3315,2.482525415,2.894583126
1244,2.483712933,5.364888833
1245,2.485412019,5.933261028
1239,2.491554783,5.364467761
992,2.493302679,1.13092157
380,2.50074645,0.200739305
1223,2.503993088,5.209593147
1259,2.506482817,5.032031441
1710,2.508065854,3.151973864
990,2.513915444,1.122281241
1811,2.516089288,3.683660605
397,2.51702401,0.155075815
3057,2.517695085,4.346362992
224,2.519208549,0.413594575
3312,2.520225022,2.84297702
3070,2.521045601,4.406618054
1229,2.525319127,5.794290123
1641,2.526639948,2.974233015
3088,2.530065837,4.26025409
1237,2.530506081,5.010380459
1815,2.532018893,3.235305547
991,2.533641358,1.120887139
394,2.536202309,0.338553719
1633,2.539745754,2.552236006
1643,2.545875607,2.709322729
1721,2.551427999,3.110657905
1205,2.553613644,8.502673267
378,2.556902479,0.13813484
3096,2.55819736,4.225496153
1204,2.560390198,8.468878262
1251,2.560887215,5.840995866
1823,2.561102005,3.889910293
1730,2.565151265,3.424645856
1720,2.567601894,3.129453733
2396,2.579575503,9.363237319
2381,2.590244442,6.246964482
377,2.591119466,0.128432201
230,2.591960159,0.382827481
3080,2.6016093,3.996501341
368,2.603032305,0.373325475
1817,2.603661627,3.978417388
971,2.606911603,1.14264975
370,2.611422154,0.308290311
969,2.613104533,1.72947476
2394,2.615639759,9.421853564
235,2.618357197,0.132858997
218,2.620078515,0.891780417
3322,2.62115896,2.206404544
1830,2.621620189,3.615741976
3311,2.631671536,2.969211024
1246,2.631798406,5.725540284
379,2.633898607,0.309308467
3313,2.638432878,2.613357592
1241,2.642588233,5.588775486
3056,2.644875303,4.945200852
3058,2.645566173,4.85708352
2382,2.653420723,9.054989189
1731,2.6661257,3.501205201
3082,2.667435394,4.389473248
975,2.669692708,1.723490896
998,2.674475113,1.924354339
961,2.684522595,1.256238391
1631,2.685561621,2.789872127
1833,2.685840356,3.799356817
227,2.688656599,0.112820774
988,2.69093147,1.374251805
2404,2.691211422,9.554368389
1832,2.692596921,3.849335751
1230,2.695503427,5.3972691
3060,2.699511328,4.233772201
1252,2.700825796,5.532870763
391,2.701406668,0.721694792
231,2.705778972,0.825244697
1718,2.708440113,3.783574443
976,2.709558532,1.76063207
3092,2.710515537,4.825583469
1228,2.715103069,5.349087549
1808,2.719350458,3.139539076
3314,2.723791584,2.479897346
3114,2.723947619,4.052293681
3054,2.725634046,4.732782779
2384,2.72581008,9.606247191
1243,2.72681388,5.767700717
1715,2.728098197,3.963855073
3068,2.728708449,4.96235751
1254,2.73771264,5.214386094
3090,2.737766419,4.115024953
405,2.741120457,0.412552046
1813,2.741836052,3.59007756
2389,2.742436717,9.622551984
3074,2.743087929,4.891831283
2391,2.743394539,9.368256949
1260,2.744767973,5.426862234
3316,2.74694496,2.85258584
3310,2.74773823,2.816361187
1836,2.75070071,3.680389143
967,2.75493297,1.169772114
1866,2.762053181,7.463082991
1725,2.766369322,3.305447462
984,2.769473111,1.91985955
1206,2.771876765,8.547513651
3071,2.773028514,4.012325782
386,2.77332489,0.362446822
1806,2.774675821,3.363183497
993,2.775465984,1.577367942
2412,2.776374015,9.788140899
3116,2.776997613,4.561715948
3076,2.778367775,4.827112655
1227,2.779876454,5.95996646
385,2.792671135,0.486087079
1800,2.792869473,3.010277429
1716,2.793562822,3.372282997
1867,2.793596461,7.053691209
1256,2.796006626,5.726328839
1235,2.798033445,5.329704632
1809,2.800203288,3.286710027
1821,2.800443949,3.983796053
376,2.800780831,0.32010005
401,2.802070622,0.315524712
1824,2.802842462,3.965493991
2410,2.80338488,8.992347089
970,2.807152327,1.175731551
3064,2.808043609,4.96319373
1827,2.813903207,3.210979967
995,2.816871,1.421574592
2388,2.821320221,9.242012212
3069,2.825433304,4.323031746
3431,2.833473199,4.127446137
400,2.834066756,0.207269343
3320,2.837458315,2.641613941
2405,2.840871531,9.797725081
1240,2.840885363,5.276284642
3079,2.842056906,4.407824087
973,2.845620488,1.893875543
1713,2.846275916,3.69918691
1233,2.852876184,5.173811219
1319,2.855072103,8.606978256
3061,2.855478925,4.444632902
398,2.857914844,0.298282041
2393,2.858187663,9.384163694
1638,2.859027491,2.994384968
236,2.859852576,0.916268364
983,2.861344006,1.491429943
1820,2.866709653,3.375708838
1835,2.87626273,3.915446752
3075,2.878203497,4.526428555
3115,2.878465381,4.377698192
3107,2.885532648,4.986909669
2377,2.887463999,9.921157143
1826,2.894073474,3.274852062
1801,2.894325878,3.796539148
369,2.901017536,0.436699364
1262,2.902581118,5.477567022
1722,2.918500558,3.199782972
1834,2.923259148,3.476062313
2375,2.930160918,6.017454477
1807,2.93904401,3.45428577
3085,2.942322322,4.139448641
1250,2.942773756,5.407335578
406,2.943761465,0.480177154
3094,2.944701433,4.16979492
1247,2.948189946,5.825572914
2400,2.949210093,9.837408648
3319,2.953534257,2.236778729
1719,2.955188729,3.25406065
2395,2.961769683,9.96901598
3093,2.962166192,4.305089273
375,2.963440906,0.145769799
2397,2.96615048,9.205931252
3072,2.968200856,4.298859992
387,2.969170352,0.048650255
396,2.972547348,0.364401345
1318,2.978135396,8.489127473
3432,2.981447738,4.09172875
1640,2.981530849,2.122822538
1818,2.988191704,3.725027919
383,2.994811199,0.619233296
3097,2.995642209,4.821037507
3203,2.996976679,5.984269023
1471,3.001387166,2.0751969
3016,3.002950061,1.907430188
40,3.007078791,9.732404051
2251,3.011112737,8.305526599
1837,3.014951595,3.068848948
3221,3.01502552,5.356166906
1482,3.017418634,2.483796667
3238,3.018886834,4.115857661
3236,3.023602198,4.591473567
2921,3.028987035,7.322824438
308,3.030417052,3.344263796
3239,3.034976792,4.363213574
3245,3.035713309,4.04540068
3215,3.042006428,5.337055483
3113,3.048933178,1.55204421
3015,3.054190335,1.443392547
39,3.056448535,9.151352848
3226,3.087376865,4.703046052
416,3.089128212,3.302161251
427,3.094100697,3.913570076
3013,3.097833033,1.605626939
3231,3.107349459,4.892928182
415,3.112549954,3.257166745
3218,3.113110531,5.305010259
2990,3.123958607,1.719954283
3235,3.131176291,4.046557766
3208,3.134557335,5.373517345
1483,3.139619098,2.79337377
3199,3.148039986,5.441237995
1682,3.153417355,0.236755403
307,3.154066477,3.529990479
2998,3.160811017,1.97158279
3222,3.161352391,4.890142253
2911,3.163645795,7.796661499
1679,3.172204062,0.66331506
2923,3.174620984,7.897154004
2925,3.183624552,7.759242182
3241,3.195338895,4.251557328
3214,3.196832569,5.661616674
2992,3.20471928,1.261161384
429,3.215819493,3.67512147
3009,3.220143773,1.226604095
2813,3.222228144,6.778616999
3006,3.224678767,1.551924349
3228,3.227638306,4.058880422
3011,3.228939685,1.970202226
1678,3.232481804,0.5175158
3217,3.23639545,4.468864787
3206,3.238153525,5.261619066
418,3.238734298,3.352344833
1674,3.252735724,0.812053199
1684,3.252956343,0.871729684
2252,3.253307441,8.208077349
2247,3.255411367,8.044834659
2807,3.264163927,6.499655014
3204,3.265488382,5.576031022
3201,3.291757155,5.672277936
3003,3.29203813,1.367905521
422,3.308029556,3.937172381
38,3.316190288,9.495579489
3112,3.322319796,1.884667694
3198,3.341530612,5.388749946
2993,3.3455662,1.918756156
3017,3.346331853,1.127060844
3207,3.350852928,5.480619824
3227,3.35918045,4.130346989
423,3.361054005,3.810093404
2922,3.361208816,7.799833113
414,3.369642032,3.825554044
2248,3.375632471,8.378232766
3243,3.378017603,4.453400088
2913,3.380655101,7.614686122
2997,3.383980945,1.701818059
3205,3.38484832,5.891801625
3212,3.394959973,5.20544816
428,3.417358496,3.257463975
3027,3.420911142,1.778273943
3110,3.427216061,0.991815683
2246,3.438880771,8.409673452
2918,3.439635506,7.082379531
3225,3.439764511,4.673155827
2547,3.441968024,7.183198431
3004,3.447753469,1.129817697
1472,3.452008973,2.296198898
2924,3.452545922,7.056376982
2919,3.456534541,7.156250995
2820,3.461163019,6.630069598
3200,3.465363661,5.519340569
430,3.466417329,3.525435477
1685,3.467500023,0.943187803
1672,3.473333268,0.822988416
1470,3.480385171,2.007950596
417,3.49138655,3.52010322
2920,3.495634877,7.052758001
3234,3.504645604,4.818834849
424,3.516299718,3.8660592
3242,3.5171183,4.344170961
3010,3.526151326,1.495837865
408,3.528212183,2.984274171
1670,3.531756604,0.728720913
413,3.533239111,3.746748672
34,3.535095995,9.90484179
3220,3.535447164,5.37307614
2995,3.536212687,1.742678217
35,3.541135494,9.357555391
3237,3.542009528,4.909383838
2818,3.555554934,6.40529572
3020,3.555934567,1.612659347
2819,3.561072111,6.634156212
42,3.569762422,9.343620811
3219,3.577079951,5.576399823
3224,3.57811415,4.18316268
426,3.578404285,3.728419563
1473,3.591905676,2.955260818
412,3.601420834,3.177363312
2812,3.601686029,6.706829138
41,3.609632013,9.972733261
2806,3.612558674,6.840341841
3117,3.620355217,1.732508094
1677,3.621149114,0.593450782
3229,3.631738184,4.768744326
3213,3.636093368,5.77879666
410,3.637638537,3.700351526
1683,3.637963012,0.945437441
409,3.640101448,3.691317247
1478,3.650871679,2.83658742
3008,3.65728349,1.121322497
47,3.682799556,9.198831388
421,3.690760963,3.321791541
3230,3.692762201,4.671228526
45,3.696877428,9.264651128
3001,3.703374993,1.415546801
3232,3.707562771,4.044020366
2994,3.713738636,1.837080291
3000,3.717044498,1.898981992
3111,3.719247631,1.351025671
3209,3.721808804,5.113815906
3018,3.724188232,1.743854444
1485,3.732638287,2.779785479
48,3.734331398,9.941182507
2815,3.735841305,6.111373266
3007,3.742043302,1.439489119
1671,3.743209862,0.962053321
3005,3.744665586,1.411029898
2821,3.745582426,6.930552807
2912,3.752071222,7.915386598
2809,3.754459474,6.245072415
2991,3.766854032,1.29849097
2241,3.77189044,8.063706758
3014,3.782689955,1.336851303
36,3.788527084,9.138793531
2249,3.789934823,8.628191597
2808,3.807407998,6.21018984
46,3.807676406,9.759094358
3216,3.815752022,5.540510633
407,3.831541821,2.992843298
33,3.832569685,9.560781903
2253,3.837633161,8.64908699
3223,3.840929742,4.162154556
3019,3.841326913,1.331122025
3211,3.84173989,5.338010072
2546,3.844524263,7.231375899
3202,3.857137389,5.609591867
420,3.8587664,3.516963836
1676,3.882259229,0.927780351
3026,3.882625936,1.343505094
3240,3.882841939,4.303307745
3244,3.893147027,4.083454015
1675,3.899787187,0.960642397
3233,3.925720995,4.881546255
3021,3.943543357,1.368832197
3210,3.944232342,5.099906294
3012,3.947107081,1.539433901
1673,3.947554603,0.084128534
2250,3.964125102,8.908890154
3002,3.969839402,1.522202462
2996,3.970254738,1.052873183
1484,3.975140536,2.126650597
2814,3.980320239,6.154728165
425,3.983660537,3.805380076
2999,3.987078241,1.297655577
1312,3.991728931,8.345194347
1339,3.991972297,4.359940154
1440,3.993234586,4.500030833
1330,3.994741396,4.566637887
1309,3.995728849,8.47723805
419,3.997130217,3.692526819
1779,3.999692095,2.108145351
1786,4.001619997,2.602211173
1294,4.002060077,8.983956415
2538,4.003577368,7.503256936
1291,4.00479208,8.197749228
774,4.005393812,3.608191777
2671,4.012292297,7.106925965
1324,4.014290775,8.691374888
694,4.01443911,3.39140325
1688,4.015267123,1.349198687
1323,4.01601796,8.405470729
717,4.018590696,3.776805008
722,4.019310795,3.411387261
710,4.020685024,3.261054853
1306,4.021190648,8.8542548
1788,4.022464364,2.35922925
790,4.023450761,3.019886823
824,4.027545956,5.973989327
1690,4.027633417,1.884649218
1263,4.02852469,9.334115803
689,4.030528696,3.45599015
721,4.032594057,3.19198483
2541,4.033889883,7.388136029
730,4.036963796,3.066341292
751,4.039676778,3.065172064
1271,4.043800627,9.032475386
1693,4.044951346,1.898384377
724,4.045474316,3.271714588
731,4.046818452,3.358252055
767,4.048684861,3.967619873
2690,4.048877445,7.335932304
813,4.050365285,3.444641437
1420,4.051562212,4.439654753
804,4.052993702,3.952723296
821,4.054101456,5.759702477
1313,4.057474689,8.623110103
1845,4.059094528,0.545161939
1698,4.059725714,1.10286635
1430,4.062529244,4.882368647
764,4.068160193,3.641735199
817,4.068518266,5.429082688
839,4.070258781,5.755928069
1302,4.073760802,8.937454439
811,4.075955873,3.669685056
1695,4.079256283,1.459418337
754,4.080417019,3.29986906
2153,4.080516065,2.84441477
1441,4.08136069,4.48124388
805,4.081414292,2.997692305
1784,4.082584337,2.439001878
1341,4.08279349,4.650479343
1333,4.083405172,4.233215931
1340,4.087516961,4.555863566
1694,4.089734672,1.123435939
2670,4.096840073,7.628450939
2701,4.098932006,7.757995586
1406,4.099554562,6.881166025
2692,4.100633912,7.557260356
1443,4.10101047,4.307450651
770,4.103978692,3.491553126
1346,4.104454927,4.639372443
1288,4.105396028,8.236952822
786,4.107425618,3.68568212
1276,4.10810178,9.198968967
1283,4.109024877,8.826690488
1426,4.110811989,4.158503979
1708,4.121370197,1.855286533
1776,4.123934042,2.939570942
1446,4.140559882,4.434986884
781,4.142714971,3.842322904
1307,4.143022772,8.798064376
778,4.145251644,3.6416827
1448,4.145801453,4.239459432
1959,4.14751775,0.463577637
729,4.150489501,3.221835508
1794,4.156691769,2.60557815
797,4.163322099,3.903556166
762,4.163791019,3.441636732
1781,4.163799906,2.580713908
1416,4.165096464,4.449931767
741,4.170888033,3.142043337
1424,4.171491106,4.65180091
2707,4.173025836,7.154857563
1264,4.173619634,9.824473351
1839,4.177305286,0.410960613
2677,4.179222793,7.696375
707,4.179905002,3.069120044
1402,4.184615636,6.340140192
708,4.186113195,3.454409762
718,4.18749352,3.109884425
1316,4.193776676,8.236044369
1703,4.193865545,1.051160988
1268,4.194015596,9.667610987
1399,4.198386303,6.376875752
862,4.199480333,5.390552914
1681,4.201124306,1.647895692
800,4.204700509,3.94638364
1587,4.205210287,1.677514215
1310,4.206302032,8.305022731
1311,4.207228186,8.589873337
1403,4.219122023,6.003070919
1586,4.219727521,1.767992348
1303,4.22095757,8.264615654
693,4.22218273,3.870431243
1287,4.225963636,8.010894909
1780,4.226528034,2.86003339
1850,4.227570061,0.056511315
1687,4.229122807,1.359748641
1858,4.232106501,0.459378888
1699,4.232574318,1.497529173
698,4.232658426,3.690226512
1853,4.239606804,0.741636062
826,4.240968002,5.638397518
1267,4.241986597,9.689321971
1423,4.245401321,4.952152928
1329,4.250385313,4.993657641
1438,4.253315431,4.810484757
1842,4.253351469,0.848142894
779,4.257349057,3.953431948
783,4.267726503,3.669223131
753,4.270073503,3.213534827
828,4.27472975,5.066543327
1700,4.275443545,1.483363368
799,4.2792224,3.469132832
1709,4.280792329,1.190015337
2676,4.283885568,7.688122176
1449,4.292521526,4.541255371
836,4.300777474,5.84914085
784,4.301538086,3.909418008
771,4.301856378,3.91331649
734,4.302062865,3.705226371
1418,4.302071332,6.510797996
1777,4.303801152,2.604191788
1327,4.303886397,4.849650901
1405,4.313822257,6.406556614
1331,4.314180141,4.971147772
815,4.318045748,5.239079266
2540,4.323650289,7.75418572
715,4.3267737,3.190697418
1848,4.328553077,0.236230414
820,4.328700223,5.564677102
791,4.347443507,2.998225047
816,4.347856861,5.997407858
1434,4.348052911,4.250842685
760,4.350628392,3.451324859
1445,4.357599911,4.255636508
2678,4.362437141,7.353478756
705,4.363262283,3.49659963
1419,4.366160033,6.128944029
801,4.368226681,3.34302124
703,4.370686555,3.258673865
1785,4.373648077,2.806286043
1278,4.374785572,8.163407267
1293,4.375776609,8.006969281
1838,4.376761931,0.449223923
752,4.377919341,3.279157869
720,4.378529104,3.181197439
758,4.380873675,3.813127181
1696,4.381939399,1.665472812
1390,4.382989835,6.724304826
853,4.389418852,5.699015619
843,4.391942996,5.920843308
1793,4.39296242,2.764602816
696,4.395919866,3.963868445
1336,4.400229865,4.560986527
1265,4.405075325,9.549589676
832,4.405686853,5.153068058
761,4.40760649,3.306977136
1435,4.407685004,4.134528241
776,4.407896565,3.677164197
1961,4.409021337,0.029692439
2528,4.409648191,7.652395983
782,4.410291934,3.973593763
796,4.410947054,3.200192441
1803,4.411152416,3.001810406
1447,4.412447837,4.509457652
1279,4.413080624,8.07882247
1314,4.416162399,8.874051369
1427,4.416737497,5.001842168
2536,4.420812592,7.645040137
1349,4.422075733,4.225900702
702,4.423550954,3.889358839
723,4.427982291,3.094621191
1400,4.428252572,6.308854067
712,4.430164335,3.932167072
2535,4.430358588,7.725937552
2706,4.430638863,7.253491371
1401,4.433975024,6.96290218
1292,4.442028356,8.862514309
1286,4.442282656,8.443119572
2697,4.444360293,7.440938759
860,4.449038666,5.739649372
1431,4.449540607,4.013607302
719,4.454162357,3.6058416
1789,4.460872729,2.533213156
1396,4.461700524,6.32206958
765,4.464196643,3.69314883
1429,4.467319244,4.671178183
699,4.467623332,3.797817082
1444,4.471567149,4.312874946
1774,4.472640404,2.586324003
1795,4.473116417,2.087121912
1783,4.473718803,2.7080404
1317,4.473788297,8.829813894
768,4.475894188,3.286690656
732,4.476095629,3.4615121
807,4.477684341,3.545557352
1849,4.487056619,0.52378467
1285,4.488797129,8.866420447
775,4.489602004,3.630260365
1300,4.490555817,8.165109
838,4.493131914,5.555780051
806,4.495293572,3.594514581
1273,4.496470678,8.743753975
1334,4.499245904,4.215463087
2529,4.500362038,7.679218924
1332,4.502041614,4.149758515
848,4.502334275,5.171022179
1281,4.504957771,8.184548346
2691,4.508453905,7.798837981
2696,4.511609855,7.038388419
2526,4.512753357,7.286648283
1851,4.51326465,0.677137954
2675,4.515000018,7.159735764
1335,4.515760104,4.278833214
1702,4.517014305,1.298225209
2534,4.520275644,7.743264216
1290,4.520452855,8.248077874
2674,4.526300779,7.920830296
812,4.528617872,3.171814644
1852,4.528880985,0.393901458
802,4.534361698,3.127698878
2539,4.535757694,7.716413363
1407,4.536793866,6.791020806
1413,4.537710067,6.178340763
1697,4.539461356,1.816624455
1284,4.541505247,8.351463531
822,4.542340846,5.051061036
1705,4.54290802,1.070071843
733,4.549350115,3.936805662
1843,4.551923481,0.889304119
1328,4.554481351,4.260447908
1409,4.554692867,6.67544412
1347,4.554775615,4.041478533
700,4.557546808,3.64748983
2685,4.559081927,7.155861478
1854,4.566471755,0.571023496
2689,4.568435717,7.521010671
1296,4.570317224,8.377491214
1792,4.570549525,2.387995789
690,4.577163745,3.654639526
788,4.578397713,3.686656326
1395,4.583941002,6.25385232
1791,4.585048953,2.443783508
814,4.58650692,3.833680165
859,4.588521815,5.496849809
1277,4.595071377,9.033773372
818,4.598366085,5.557635464
1315,4.600132153,8.667319693
1337,4.600866498,4.06958207
772,4.603543761,3.911183025
831,4.605264026,5.524099615
711,4.60550309,3.220567344
742,4.606873629,3.34596023
829,4.613959664,5.452477583
823,4.615997364,5.063385336
785,4.618259979,3.652535973
1282,4.621977859,8.48861511
706,4.631117171,3.740053167
709,4.631808155,3.679949199
726,4.631999604,3.748381456
1442,4.633176223,4.324529896
714,4.633693092,3.855245213
1802,4.638685261,2.604411345
827,4.640394476,5.173796418
1691,4.642575823,1.922972452
1414,4.643360387,4.456848509
757,4.645883736,3.177351614
1393,4.651881705,6.50052026
1289,4.65424051,8.311014407
759,4.655376596,3.590394859
1269,4.656305819,9.224825124
1847,4.656342376,0.418205086
695,4.65695773,3.406601821
780,4.658973759,3.484249767
1280,4.664869295,8.358233948
803,4.666759892,3.857255785
1408,4.672970579,6.08278931
2672,4.678486063,7.962497774
1298,4.680622576,8.737152297
845,4.681595412,5.768764258
1404,4.681841736,6.611412065
2537,4.6823257,7.178546728
830,4.684571169,5.645936494
1782,4.685843013,2.542773499
691,4.687589819,3.393940196
1432,4.688754266,4.789717772
1433,4.689771132,4.155636972
2683,4.695870978,7.056804915
1305,4.696942232,8.686263075
716,4.698016415,3.243096131
1272,4.699769896,9.733498434
1297,4.700509918,8.287130186
697,4.707970362,3.759877867
1411,4.714069154,6.813536892
2687,4.719518661,7.987649952
1451,4.721027151,4.492040863
1421,4.721661225,4.069229128
1270,4.725529993,9.02284856
846,4.726182699,5.936989039
2688,4.727012743,7.346218375
777,4.732436827,3.736312978
1689,4.736738179,1.144795795
792,4.738836576,3.959964699
1452,4.738878701,4.730912999
841,4.740491906,5.17217357
728,4.741267728,3.37144013
1425,4.742135317,4.260291765
766,4.74244325,3.668289333
1437,4.74598662,4.789853518
844,4.746668079,5.319716223
809,4.74674443,3.02870753
1417,4.755321196,4.968751684
861,4.757128288,5.864808873
1692,4.758265102,1.779655207
1304,4.767508219,8.291725846
1860,4.773944432,0.59291679
701,4.774104949,3.952657065
851,4.776100057,5.735447692
1706,4.778448486,1.789054372
1680,4.778978814,1.154640134
769,4.778998903,3.944120765
756,4.779020179,3.869026717
1410,4.781155136,6.935914248
795,4.781430632,3.209032208
2680,4.784511608,7.975123666
808,4.786060359,3.342348944
2699,4.794644478,7.770428509
1394,4.795683771,6.402114042
789,4.796233949,3.887231063
2681,4.799092125,7.256412175
1686,4.799330531,1.629482138
794,4.799536489,3.430079887
2527,4.80475854,7.244898577
1846,4.806490578,0.578388712
1775,4.807817735,2.184898693
1796,4.809389579,2.226664916
1859,4.809857569,0.083443637
798,4.814074859,3.63003596
837,4.816963117,5.181555989
1844,4.824033675,0.208473962
1787,4.824969565,2.869990972
849,4.82598156,5.104248172
852,4.831665573,5.326805446
2698,4.832263997,7.688150191
1326,4.834221134,4.215076908
1391,4.834231343,6.811330367
1960,4.834256608,0.78388191
2693,4.838580696,7.978345069
847,4.840052246,5.573869927
1295,4.840161219,8.699917622
834,4.842557971,5.550101796
1266,4.844353303,9.760516738
854,4.85031688,5.507493813
1397,4.852341783,6.092116625
1322,4.852687338,8.672115523
773,4.854104461,3.315424079
1422,4.854645595,4.081377867
840,4.855983404,5.550701569
1778,4.8563097,2.887614962
1308,4.85635442,8.53003091
1450,4.860582817,4.236299095
787,4.863953783,3.193451134
688,4.86449272,3.841001594
1299,4.866046403,8.14971456
692,4.869111764,3.360606578
1861,4.873618687,0.490661862
1797,4.876640041,2.731999291
835,4.877420462,5.508243019
2695,4.878703567,7.232671706
1707,4.880142969,1.404485274
1790,4.881214025,2.086819883
740,4.884967369,3.737259884
2679,4.887270567,7.284570321
2684,4.890378354,7.663226834
842,4.890691695,5.134944235
810,4.891042308,3.589962504
725,4.891758486,3.68618971
825,4.894126253,5.659719182
739,4.897393061,3.934707314
727,4.901009128,3.020670354
1392,4.906931699,6.584512507
704,4.907374688,2.995024392
1855,4.91113081,0.621093346
687,4.923606787,3.118785887
793,4.923702129,3.56163624
1338,4.925827486,4.187668846
1453,4.930304489,4.808826497
1274,4.933425495,9.271595686
1841,4.936951907,0.994557118
1436,4.937370797,4.159927859
1439,4.938999791,4.688818727
2700,4.940753354,7.56546708
2694,4.945071624,7.3923287
1301,4.956476507,8.938022162
763,4.957064168,3.695017054
1275,4.960610065,9.763140656
1701,4.961049114,1.387488015
2673,4.966132126,7.279183717
713,4.968318275,3.77434337
1704,4.975380523,1.800566877
833,4.975603093,5.708678337
2682,4.979849821,7.382810074
1398,4.981898421,6.771831304
1415,4.982723778,4.818474835
850,4.985641532,5.481152698
1428,4.985650021,4.018137007
2686,4.98727165,7.80397715
1348,4.989027128,4.036002963
1192,4.99810585,7.387046119
1840,4.998324293,0.269430847
1412,5.00125655,6.706678117
2260,5.010253927,2.490512012
1108,5.017839546,3.77626747
553,5.017944579,4.443668529
3412,5.023776239,5.248870185
475,5.031898882,4.34054031
434,5.034491783,4.694287083
454,5.049572211,4.583730611
459,5.052024877,4.919443145
470,5.053607068,4.57958144
3302,5.055689748,6.556683133
1186,5.060095753,7.167064033
468,5.060946707,5.001064902
3273,5.062075771,6.054078227
444,5.063184883,4.104351405
154,5.065052352,1.791554373
1198,5.06729448,7.511415715
1114,5.074645793,3.107537921
3424,5.076751978,5.55110435
3407,5.082271723,5.335865057
3409,5.087660118,5.58344793
466,5.090132125,4.931973295
3406,5.091987514,5.652518477
1100,5.096696866,3.129072468
544,5.102107977,4.787061846
2976,5.102926746,8.933130355
3410,5.106593386,5.855628625
551,5.107068238,4.908345278
1533,5.109163341,9.573517648
3421,5.111547658,5.610135482
3419,5.12110049,5.939812201
1085,5.121229053,7.142909371
3303,5.122936417,6.893309993
3423,5.125189449,5.127335881
2269,5.125972447,2.518921112
3280,5.135751462,6.669467335
449,5.135857423,4.574482797
556,5.137129771,4.570873472
455,5.140460135,4.833734952
3308,5.14294146,6.59033267
431,5.144424905,4.219907383
3296,5.144951229,6.890128472
3290,5.147898743,6.61907304
1121,5.153445862,3.828597599
3399,5.157249292,5.549681892
1083,5.163273926,7.298563569
3301,5.165808809,6.115555067
3428,5.171194293,5.563707179
1099,5.171324416,3.932492949
463,5.172074105,4.536245282
338,5.173808783,0.814056188
445,5.180152481,4.322040091
1520,5.19529548,9.311816703
432,5.209338647,4.504125524
2257,5.209393595,2.751595921
3436,5.220827376,5.085790105
1113,5.227331356,3.259880314
2264,5.232524321,2.204347472
1185,5.237175138,7.733103723
3427,5.239902323,5.910360277
437,5.241928214,4.996990911
2977,5.242187213,8.503769343
162,5.248806141,1.21616887
2268,5.253796651,2.351111046
3294,5.254666634,6.106468783
3434,5.255851993,5.089965809
2984,5.263715919,8.815035788
1130,5.264271012,3.102484557
446,5.268876917,4.627775486
1134,5.271935325,3.159629727
3422,5.273115699,5.147673422
3402,5.275752536,5.77857871
169,5.279061176,1.422224768
461,5.27939964,4.540777807
1519,5.285818172,9.918501998
469,5.300534308,4.471816949
1197,5.30660411,7.214232876
1102,5.310533807,3.849157622
558,5.313273013,4.33124438
1098,5.314143532,3.228009654
167,5.314380094,1.872635076
433,5.316813821,4.302634328
171,5.316954807,1.461055039
440,5.320791609,4.078770738
438,5.323095817,4.059503949
3282,5.329931207,6.577428348
3401,5.333717273,5.262242891
548,5.343385905,4.517613046
3435,5.345273963,5.864264216
1122,5.349068472,3.505496084
3415,5.351450419,5.88129023
458,5.357243692,4.751456083
1540,5.360165504,9.666415466
538,5.360235055,4.103508305
3300,5.361546761,6.837350197
1123,5.367206174,3.227727479
3404,5.367589337,5.536149331
462,5.368291129,4.907710697
1126,5.376243587,3.07804727
1124,5.376831156,3.457887732
3393,5.377661897,5.909660187
3304,5.37956089,6.393828292
2986,5.390684561,8.257757195
3281,5.391188988,6.957831735
1075,5.392418693,7.698381584
2262,5.393404846,2.772896625
476,5.395690833,4.039898352
2987,5.397490688,8.081926112
3418,5.39808519,5.759643471
3430,5.407837874,5.355017987
465,5.415958849,4.8316452
552,5.420194396,4.175475987
2975,5.421160519,8.577203681
1112,5.425835159,3.688205844
1525,5.427592865,9.416728787
1521,5.434366739,9.634929757
1190,5.437038781,7.536998212
453,5.438945142,4.515978578
3288,5.44239978,6.571226185
161,5.445195602,1.148572306
3420,5.446698762,5.872256374
2266,5.450839476,2.382113264
1116,5.452083557,3.33219722
3299,5.457852456,6.571904887
1530,5.466728316,9.625385204
3278,5.467181111,6.574700858
550,5.469547343,4.625224797
3284,5.473860697,6.780227
1132,5.479180944,3.48576209
174,5.479676908,1.931882836
160,5.484181191,1.320833367
1128,5.491928379,3.877880003
2981,5.500578704,8.832328707
3429,5.501597677,5.585190474
168,5.503874856,1.972204152
1125,5.509081398,3.996165585
1117,5.513233987,3.06558363
441,5.51696106,4.334700123
442,5.520576212,4.817768998
436,5.523008596,4.569990765
336,5.531469114,0.171453454
341,5.532767964,0.899131601
1115,5.534814242,3.680130556
2982,5.540270276,8.085378591
1090,5.55044321,3.01699383
447,5.552161463,4.741630984
2988,5.553923704,8.717305214
170,5.572295481,1.158487445
1071,5.575913066,7.617347693
554,5.577993995,4.524847498
3283,5.582662812,6.325158132
543,5.592102298,4.438963219
165,5.592711689,1.999790704
3405,5.605858576,5.104012296
460,5.608308513,4.627114329
1191,5.613937312,7.546669001
3417,5.623549201,5.416808656
443,5.625893923,5.001274879
1120,5.62787293,3.993203261
3400,5.628286967,5.311849093
450,5.630288059,4.62715234
3307,5.632126465,6.858789303
557,5.638529459,4.346695293
3293,5.639612708,6.75461432
467,5.646863196,4.98944033
549,5.647424416,4.0165038
1103,5.651825166,3.228633552
439,5.652541683,4.75877215
457,5.654346688,4.196893546
173,5.665607379,1.560349652
1183,5.670223409,7.664915239
172,5.671949448,1.132003255
164,5.67805328,1.567085677
2263,5.680142647,2.245987222
3285,5.68701397,6.55736163
1127,5.693267065,3.883936069
2974,5.694865058,8.29837028
3279,5.704456498,6.300476518
1131,5.714078082,3.415234335
1074,5.719272603,7.840350524
340,5.723321883,0.434810477
1129,5.727117707,3.506837461
1078,5.737305066,7.109795272
456,5.738143918,4.788290679
1073,5.747493977,7.277363052
1104,5.747905195,3.188171249
1529,5.748269175,9.480999593
3403,5.752400175,5.968948805
1118,5.75340262,3.721015606
2255,5.755836598,2.347317635
1084,5.758890791,7.244817205
448,5.759587181,4.61864073
1518,5.7678039,9.880874645
452,5.769883573,4.384683172
3437,5.775919617,5.168787477
1528,5.777974302,9.187492414
3392,5.785375711,5.640052966
342,5.788112025,0.405002582
3398,5.789311364,5.144422681
337,5.790123127,0.500265526
3408,5.790801135,5.650736197
3291,5.792015344,6.583975131
1195,5.796146799,7.556205714
3306,5.79766542,6.594214395
555,5.798823966,4.367987359
1095,5.800617669,3.843832762
546,5.80435031,4.661480944
1184,5.815313538,7.775919121
163,5.820799546,1.532793031
1111,5.822716339,3.191019987
3414,5.828173806,5.847280309
1097,5.830996166,3.638866506
3286,5.831198466,6.373709995
1538,5.831672656,9.465155398
1101,5.836591838,3.207572924
1133,5.836922878,3.4633417
1527,5.84412291,9.066899651
2259,5.849355305,2.224884562
3416,5.853139774,5.640413113
1096,5.85353974,3.291814365
3426,5.857625247,5.55309401
1531,5.85875302,9.212222539
2989,5.859334341,8.699348292
1196,5.859463728,7.817514946
435,5.862707929,4.654228226
3411,5.862879243,5.128312834
3425,5.869687268,5.057430828
1107,5.869976271,3.337908013
3298,5.87934961,6.170104051
451,5.880672894,4.032615922
1193,5.882204711,7.881315458
2983,5.883491628,8.919634703
755,5.886057036,3.11831314
335,5.887294119,0.566446133
547,5.888015635,4.199869507
1077,5.889660967,7.119269955
2256,5.896516239,2.631477136
1532,5.897379499,9.088531078
1194,5.899684925,7.559853189
3295,5.903460448,6.268715172
1106,5.92182095,3.860849668
2254,5.923740692,2.194678642
2258,5.924960445,2.709398349
1110,5.930194318,3.979141385
159,5.930451993,1.171059511
2261,5.930612005,2.539335681
1539,5.931009071,9.906340333
3287,5.932822266,6.236593037
3289,5.936035891,6.641782296
3292,5.936355709,6.247614352
2267,5.943827942,2.571946012
3309,5.947300339,6.371337026
1105,5.955902628,3.343560366
1072,5.962529277,7.173906317
3413,5.963101544,5.273305423
1076,5.964477373,7.13707175
3297,5.969824582,6.031585813
1526,5.970784469,8.998369964
545,5.972855939,4.558657892
464,5.98008354,4.236148368
1189,5.982603686,7.553902159
1109,5.982770081,3.381168244
1119,5.990897428,3.944357116
166,5.998514143,1.444401266
2049,6.000515737,4.220787485
2906,6.013277721,2.863371288
1081,6.013442609,1.422535265
2869,6.022180188,2.126354872
1092,6.022744453,1.100113259
938,6.025960659,7.360871132
2862,6.026908533,2.630215132
2501,6.040514864,6.282765221
2048,6.042165428,4.652377216
2883,6.048924665,2.106276711
2409,6.055508388,4.001098289
2043,6.057115275,4.927092873
937,6.067978976,7.29006336
2792,6.070814341,5.467431132
1087,6.074056295,1.186539737
2057,6.085341712,4.19545764
2873,6.08722902,2.566129673
2931,6.087567097,5.258775993
2889,6.092031304,2.061162928
1089,6.096529198,1.833846965
1086,6.09772966,1.057640521
2794,6.10161954,5.086077202
2491,6.104571202,6.771688482
2770,6.111102041,5.240782764
2030,6.113697238,4.696958971
2495,6.119243758,6.76865768
2515,6.119398005,6.190015925
2797,6.124768657,5.636539739
935,6.13064356,7.91736747
936,6.130971743,7.662483915
2060,6.13143327,4.635893121
2499,6.140119343,6.273467319
2431,6.142075989,9.168841601
2479,6.146200929,8.371648375
2771,6.153831596,5.316422382
2497,6.153959833,6.969956627
2041,6.155894754,4.278326836
2050,6.168499663,4.388294209
2062,6.173866215,4.16050064
2870,6.174403001,2.299488684
572,6.186477215,3.503689133
2884,6.191662802,2.383381844
2892,6.193379706,2.551804007
2896,6.194963539,2.286089124
2437,6.20013436,9.230826114
2766,6.203350877,5.649983564
1093,6.205848232,1.541211215
2036,6.217308671,4.122298431
2487,6.221783634,6.860833726
1082,6.229000068,1.729873219
681,6.232542284,3.87989112
2882,6.242080085,2.377949653
561,6.244368823,3.869974542
2066,6.250127124,4.939196799
2525,6.252358498,6.630369854
2068,6.252985353,4.295731691
2900,6.255676647,2.920386284
2488,6.257887157,6.084936976
2881,6.260974027,2.845166065
2505,6.261048007,5.99208796
2791,6.263868173,5.491457895
2033,6.269922734,4.643981081
1091,6.270234067,1.839754093
2051,6.273521971,4.648640334
2069,6.273597009,4.191722408
2038,6.277005551,4.087676254
674,6.277155098,3.492316245
210,6.295397383,0.904457782
682,6.297305825,3.039245716
2500,6.298773294,6.047607174
2053,6.301018441,4.520185116
2786,6.302619848,5.734050751
2788,6.303980079,5.553909212
2777,6.309013139,5.762080803
2040,6.315860362,4.106065431
2872,6.316995479,2.65747131
571,6.318718077,3.856111602
2761,6.319928532,5.339033856
2907,6.322404719,2.78833534
2774,6.327646541,5.268223394
563,6.328451239,3.685493561
2769,6.3370445,5.331629239
2868,6.344495263,2.833701862
2784,6.345590272,5.047774029
222,6.35004513,0.641350299
684,6.353789938,3.638818655
2047,6.360929008,4.889478108
2877,6.363647961,2.061018469
2888,6.368091706,2.138762344
2522,6.373705446,6.653694647
2985,6.377002345,2.376114763
2056,6.388804153,4.769111495
1079,6.397215128,1.834186653
2874,6.399689071,2.333525768
2045,6.399692087,4.940476417
680,6.421422018,3.894017094
2054,6.421750148,4.562904596
2523,6.423066239,6.904841865
2498,6.429833777,6.963849972
559,6.434115764,3.438073014
2518,6.434285253,6.78527328
2787,6.439272046,5.431849342
2785,6.439408367,5.876310677
2493,6.442682107,6.629412711
2887,6.445035022,2.665480565
2478,6.445534734,8.639394571
2772,6.453671735,5.229460963
2866,6.458014822,2.345186471
220,6.465381963,0.553295158
2521,6.466342429,6.642006398
2512,6.46954625,6.27812699
2035,6.475588725,4.080569094
221,6.479480036,0.321962666
686,6.479873019,3.84457039
2504,6.491295933,6.084372786
2034,6.503572019,4.084634891
2407,6.50425053,4.304757294
2783,6.51170869,5.216396287
2530,6.518220308,6.041595085
2430,6.521526967,9.442586677
2435,6.532227743,9.900758132
2484,6.532926291,8.636239427
2773,6.5383311,5.061457093
2506,6.541213951,6.011952149
2489,6.550188811,6.30215126
2507,6.550536565,6.338503062
2886,6.558081693,2.777439493
2480,6.56155461,6.077732217
2871,6.56873347,2.53213717
2519,6.569426254,6.549711527
2058,6.570778702,4.00384398
2894,6.572312161,2.720082057
2865,6.580837511,2.655475517
2880,6.582927945,2.503115703
683,6.584226316,3.601588877
2890,6.589255748,2.255443379
2046,6.589808242,4.680216607
2061,6.59749471,4.330930405
2876,6.609741797,2.607769512
2408,6.611863987,4.944260573
2532,6.614270988,6.787253062
1080,6.614372319,1.665662206
2790,6.639253016,5.640483829
2508,6.64742454,5.979699216
2517,6.655835416,6.848728748
567,6.658901429,3.647027917
2891,6.662732651,2.379341012
2779,6.677116842,5.417177176
2052,6.678809028,4.8720301
2044,6.684754852,4.764215072
2067,6.685002933,4.889526797
2781,6.695961509,5.455081099
2485,6.698263407,8.558665078
574,6.703549879,3.876011811
1094,6.703607841,1.868250723
2486,6.712856958,6.939508722
2795,6.713405229,5.514700106
685,6.714436682,3.720595211
2875,6.716161839,2.08155146
2031,6.720369302,4.394555834
2513,6.729623265,6.803345211
2511,6.732011464,6.223751422
2510,6.736960717,6.253765774
2759,6.738365095,5.415445118
2863,6.743099221,2.219936751
2782,6.744978654,5.407821717
566,6.746713559,3.531520869
2059,6.748978276,4.154643015
2433,6.750714519,9.370359146
2055,6.752142549,4.387324576
1088,6.755518721,1.974454206
560,6.758147971,3.84741723
2930,6.758670422,5.376633041
2897,6.762977926,2.474999013
2531,6.775196001,6.964947788
2042,6.78815722,4.828021906
2776,6.793066501,5.004464315
2481,6.793213212,6.579218536
2492,6.793843113,6.82035895
2780,6.809299451,5.736409031
2901,6.818000686,2.820410229
2524,6.819096162,6.584754127
2932,6.820852789,5.300691335
562,6.821654306,3.510185814
2898,6.833641297,2.692172702
564,6.836735164,3.959413761
2037,6.841793987,4.888513271
2039,6.854104527,4.606542098
2503,6.854298515,6.86910831
2494,6.854976265,6.650491474
2768,6.858084427,5.84654362
2933,6.858361385,5.428109455
819,6.868396268,7.414113282
2520,6.868438139,6.853555434
2867,6.878975003,2.841046392
2775,6.885394947,5.767564954
2533,6.88595888,6.570644187
2864,6.891180897,2.64590103
219,6.895085933,0.121892784
2502,6.897013142,6.568912925
2789,6.901803536,5.62192751
2490,6.910806021,6.327941997
565,6.911573388,3.934822756
2885,6.913944604,2.423017074
2895,6.914603938,2.023624035
2516,6.914988757,6.636098762
2032,6.916995701,4.943635352
2496,6.91946392,6.204624999
2899,6.919824174,2.77924454
209,6.921688293,0.252057062
2509,6.921907169,6.07453982
2767,6.931858382,5.17555179
2436,6.936093532,9.07048797
2793,6.947892972,5.103783348
2760,6.952532413,5.566630325
2765,6.95434048,5.132002765
2758,6.957164794,5.175918485
2893,6.979456158,2.160602025
2796,6.979880816,5.241762599
499,6.980762216,7.530669662
2432,6.98435462,9.234208787
573,6.985747045,3.992181336
2879,6.986839934,2.755671026
2778,6.989126276,5.788026044
679,6.995376164,3.734340723
2579,6.998081061,5.465399788
2514,6.998826326,6.625022338
2878,7.000221529,2.221473286
293,7.003653296,6.794135573
339,7.017225857,4.518899925
3152,7.021403037,1.826577908
1029,7.021757699,3.81604006
1735,7.022383537,2.0821984
1739,7.02478817,2.805949645
286,7.026461631,6.528203649
256,7.02750555,6.039702772
495,7.031039311,7.619020076
179,7.032578267,6.570936136
2350,7.033141774,0.796748667
500,7.034366993,7.775558766
1743,7.040512309,2.048055467
497,7.041062357,7.421123551
254,7.041566524,6.048660416
1726,7.04319525,2.414476843
662,7.049473072,8.090096732
1744,7.053642951,2.093400307
3155,7.053853628,1.024466304
1038,7.056188413,3.579792749
1761,7.060419721,2.615692838
2354,7.061278753,0.281917221
245,7.066788679,6.960514108
323,7.067652248,4.287384442
329,7.068200605,4.894037716
496,7.071916236,7.205691064
2799,7.072018122,1.98333408
2469,7.073965767,0.47446322
3146,7.074499804,1.84113995
284,7.074976179,6.139275547
299,7.076683356,6.968972228
667,7.095580606,8.38836943
3140,7.099668841,1.397340979
655,7.100366103,8.787847581
2455,7.101179536,0.994306783
278,7.103398284,6.607689639
2663,7.105945124,6.089432051
3169,7.106668928,1.643299849
240,7.108040495,6.025463241
330,7.114308667,4.478115938
1041,7.11512583,3.892386384
2554,7.115581383,5.560159426
865,7.119445517,7.675142826
292,7.125984424,6.148168092
261,7.126248004,6.27180987
253,7.128257226,6.83341578
2798,7.128530681,1.597109877
1053,7.138365076,3.629948199
2580,7.148554431,5.573749867
3135,7.149618216,1.25146942
325,7.155115582,4.33798031
2805,7.159896879,1.154126675
3161,7.160383478,1.018863871
3137,7.160421625,1.338564918
266,7.160561156,6.600424739
269,7.161434083,5.999324819
257,7.162751236,6.819348137
877,7.166505579,7.446037885
1908,7.167518043,2.275983462
2456,7.170189277,0.459072982
876,7.174238718,7.532518938
3141,7.175044849,1.773174178
1745,7.181656147,2.756474788
656,7.190125654,8.289739302
273,7.191308205,6.987085067
312,7.191900684,4.232533365
2559,7.19401331,5.258172003
246,7.200569825,6.266253073
1727,7.201774122,2.460703399
498,7.202596758,7.45724511
1037,7.204336816,3.279251164
296,7.204460446,6.145522548
1752,7.20616091,2.444702474
285,7.206265084,6.952533462
302,7.209358125,6.908265082
313,7.210095364,4.602074459
319,7.212264149,4.314077107
262,7.212278336,6.744952829
871,7.214109687,7.504617061
255,7.215819438,6.517844258
267,7.218785894,6.176162666
1036,7.219434226,3.844041345
1749,7.220772261,2.860470446
1768,7.222120925,2.050427374
2476,7.222488319,0.650687448
3128,7.222712447,1.773663548
1906,7.228100266,2.576752135
2560,7.228884244,5.757366739
277,7.235239831,6.099561559
2468,7.245489467,0.628936916
2804,7.247638913,1.01656767
3148,7.257257963,1.588813574
2548,7.261128175,5.27955108
2563,7.264420323,5.086852811
1045,7.268608569,3.833694558
1758,7.27553754,2.012498225
2662,7.276149076,6.870327012
2562,7.279439114,5.351838504
1769,7.280678381,2.098813388
1051,7.28184509,3.249185818
3156,7.282894105,1.834429713
2556,7.286295827,5.855199883
1024,7.286439704,3.911170973
242,7.289468752,6.627672206
1733,7.291124374,2.659046288
2461,7.291645542,0.950654759
875,7.29165645,7.266851739
3138,7.291745451,1.798888071
2669,7.292767581,6.672431246
3139,7.293688777,1.251979909
3165,7.297526419,1.810570023
249,7.299609424,6.30880508
333,7.300331385,4.735410875
241,7.30207868,6.670642463
3163,7.30223607,1.217650481
1753,7.303715485,2.08668791
1760,7.304159415,2.418899933
3144,7.30661777,1.559702519
250,7.307820251,6.269056676
1765,7.311733558,2.131660203
2667,7.313389852,6.217427205
502,7.314503279,7.945029684
1732,7.320376275,2.351190039
2466,7.32142991,0.526048295
1770,7.330606578,2.04028968
2571,7.331224125,5.711025311
2465,7.331970854,0.14806855
3153,7.335130447,1.997245556
1025,7.346033382,3.729562596
2664,7.346348209,6.171007201
1033,7.351496155,3.37619019
2474,7.355067651,0.891511069
1750,7.358319679,2.027398538
507,7.359345906,7.545177076
3129,7.366463693,1.578964913
2656,7.369401865,6.21285967
1738,7.370735347,2.742059361
1028,7.371104649,3.252323795
2477,7.380309919,0.366160582
1047,7.382454636,3.730709524
326,7.38445539,4.247703508
2570,7.384756395,5.517797715
1052,7.392248686,3.386355163
870,7.392685834,7.97383635
1043,7.399244983,3.058888352
2558,7.400734217,5.948489895
1764,7.402656362,2.708208178
265,7.408312921,6.668017002
2660,7.414745921,6.069413034
288,7.414827939,6.848686111
3173,7.417654994,1.386345311
243,7.421551279,6.199057592
1030,7.427701827,3.317366735
264,7.430552895,6.831307056
247,7.433219022,6.768616509
3174,7.436217415,1.966069325
1040,7.442350872,3.538161709
1746,7.442814305,2.423897893
2459,7.449961327,0.998445461
2811,7.450496504,1.696521762
2661,7.450932017,6.709853998
1736,7.453773009,2.489966724
2351,7.455540988,0.824202583
301,7.45745057,6.570788009
272,7.457851002,6.763978057
2460,7.457903045,0.529573204
863,7.462001223,7.998029895
873,7.470071821,7.398375383
259,7.472756842,6.613050349
327,7.486564949,4.108956905
260,7.487982661,6.298087126
1754,7.490823754,2.224902185
291,7.502381619,6.046466781
1773,7.502711879,2.973239725
1734,7.511315127,2.188222622
275,7.51540194,6.439292066
2473,7.515753685,0.533320735
2668,7.522750358,6.070162723
658,7.530158741,8.463104937
280,7.53480156,6.507926517
276,7.549975065,6.660283642
2810,7.551697896,1.380821992
3142,7.552799546,1.515709067
3175,7.556432593,1.936487893
868,7.559241581,7.585965997
2657,7.564170207,6.118672295
1763,7.573599999,2.182268683
248,7.576455051,6.502894164
321,7.576647455,4.025573382
1762,7.576681217,2.918010566
1023,7.585661521,3.294326009
2666,7.587791652,6.448141745
2566,7.590024616,5.646090707
3168,7.590382866,1.078656663
1199,7.594097499,9.39935413
878,7.601160022,7.976140748
322,7.603576759,4.364911635
2464,7.606215929,0.335751891
2472,7.607499501,0.212904788
3157,7.609115364,1.265499255
864,7.614590193,7.115686971
2553,7.623994166,5.7299309
2457,7.626123572,0.796461423
263,7.627496836,6.163638795
271,7.636777303,6.03120224
1909,7.63819951,2.245427078
287,7.639472556,6.740642535
3176,7.64327374,1.948461459
1046,7.649313554,3.777632338
298,7.65052198,6.594847828
1042,7.657008777,3.628438159
3160,7.658015659,1.610448013
1031,7.6601541,3.378029971
2659,7.667525034,6.91886212
2463,7.669187054,0.99023183
2568,7.669745652,5.37978438
2357,7.672167808,0.438828102
3158,7.675384857,1.976294652
2654,7.6851991,6.383234576
874,7.686233653,7.972031089
2800,7.68830409,1.527665003
3180,7.688599448,1.182953089
1741,7.692318224,2.229325504
251,7.693548881,6.504429847
1766,7.69426024,2.103425447
1740,7.695514233,2.503904873
2544,7.700461762,5.855519947
2352,7.701486298,0.810295322
1026,7.702666762,3.5696665
3143,7.70524786,1.163845484
270,7.709035215,6.706093046
1756,7.712833321,2.787698898
1907,7.717855417,2.172766954
2552,7.718818373,5.026247656
3151,7.719482885,1.990768091
3171,7.720637238,1.70523867
2802,7.721238714,1.169848081
1772,7.724085977,2.282566013
314,7.724213422,4.949391061
3177,7.726003009,1.019462222
268,7.730598907,6.930424807
282,7.730979012,6.734009034
2564,7.733136164,5.878300842
3170,7.733165678,1.755242403
318,7.734973896,4.215264425
3178,7.736731556,1.774377772
3150,7.737120094,1.396866126
2572,7.737430264,5.069861062
281,7.737683234,6.404594356
2658,7.742362717,6.099861726
320,7.742436406,4.34675538
2569,7.742910281,5.636952516
2801,7.743625731,1.495485726
1755,7.747626588,2.0125041
1902,7.749614504,2.069609578
1200,7.750579625,9.751535132
300,7.756191819,6.706902416
2355,7.756458077,0.085736025
1027,7.764967104,3.590702632
2567,7.765511682,5.148428137
2549,7.768113054,5.919189876
1759,7.768958969,2.834627166
3136,7.772550611,1.349222792
1039,7.772986146,3.192264522
2545,7.775046111,5.232312238
279,7.775576921,6.011558868
328,7.775695369,4.44053348
3162,7.783907695,1.354501874
2550,7.78671584,5.89107374
2467,7.790192648,0.7189529
2475,7.791358173,0.899410461
501,7.791605473,7.148162437
866,7.796814611,7.89603761
3134,7.800908138,1.376592223
3179,7.801889883,1.400843154
1044,7.803904157,3.43800777
2655,7.806340805,6.171586284
2551,7.809873933,5.462535937
283,7.810054895,6.965303544
2557,7.811326605,5.540103725
274,7.814221908,6.563194431
2578,7.817078945,5.580144397
657,7.817565325,8.422716986
3145,7.819106842,1.927307812
2462,7.824646718,0.989292044
334,7.827544018,4.117678483
252,7.831575526,6.083785819
2543,7.835144185,5.845017501
3147,7.836002044,1.556093808
3167,7.845130308,1.739983241
2665,7.8451388,6.64223316
1742,7.845656059,2.136937146
2573,7.846056153,5.281714856
1751,7.847788,2.543096509
1737,7.856279658,2.989109802
2454,7.871225374,0.497719001
324,7.880604774,4.009428245
3149,7.881251438,1.965753485
2555,7.881716599,5.629899097
3181,7.884118258,1.485865188
872,7.898171321,7.716338244
258,7.90057157,6.556503088
1757,7.902274617,2.387919281
2471,7.903821388,0.823186086
3154,7.905980731,1.860452422
2565,7.906200604,5.639938375
1729,7.906390719,2.985697028
3159,7.909119848,1.251040856
1748,7.911347291,2.465922349
297,7.913820346,6.255809273
1747,7.918084419,2.244974981
1034,7.918340559,3.746376739
1728,7.918939907,2.079889303
2470,7.919468936,0.944651151
290,7.923280411,6.921352576
311,7.923820281,4.136124069
869,7.930833344,7.485416591
239,7.932210161,6.61812585
2542,7.932560618,5.34864159
3166,7.943848103,1.628454675
2356,7.943863605,0.872901068
867,7.944014143,7.518736812
1035,7.950970741,3.854811829
1032,7.952982105,3.039684148
332,7.953566664,4.325483877
3164,7.957523377,1.56324835
331,7.957814196,4.722070916
2561,7.959987427,5.594504175
295,7.963524803,6.169428123
2803,7.970772879,1.605641157
289,7.970966013,6.322858595
244,7.986854239,6.721551964
294,7.988186198,6.524587477
1634,7.995857585,7.581634306
1767,7.998855056,2.378824094
1054,8.000581253,3.151520075
3172,8.003027177,1.027986023
1507,8.005485624,1.034038495
1771,8.007132488,3.002472878
1509,8.007474021,1.459714268
1464,8.011363562,6.8892872
602,8.013013453,4.941871059
1357,8.015220027,2.017190457
1965,8.016056127,5.738831153
2332,8.017796036,3.153835997
959,8.020862502,9.830822375
586,8.031791859,4.621629842
1940,8.037725399,5.088473688
1613,8.038661323,7.624164554
2348,8.046066508,3.877119896
1469,8.048738086,6.180478384
1650,8.052442162,1.358359936
1664,8.053838078,1.579781113
1913,8.054375966,5.801008253
1372,8.054990435,2.627265872
2239,8.05549164,3.744104953
2328,8.056338739,3.216087662
186,8.056768486,0.587041435
1646,8.059651917,1.639578857
185,8.060763799,0.791417191
1369,8.062097184,2.47120606
1656,8.06493178,1.746660486
589,8.066104943,4.307311071
585,8.067221566,4.172900993
1943,8.070961143,5.803372308
1368,8.072675254,2.505896491
1581,8.072699129,6.768200701
2233,8.072882799,3.324120984
1569,8.075620637,6.653918324
1506,8.079930223,1.803028467
2230,8.081096644,3.875503559
1562,8.083634555,6.092989294
1955,8.086380468,5.797976798
175,8.09017374,0.192718481
1657,8.090712263,1.851518917
1635,8.09121013,7.160069274
1944,8.094196179,5.026340384
315,8.096597939,8.378522634
1916,8.102938256,5.747121564
1466,8.103445013,6.393336474
588,8.104463094,4.862851666
182,8.105681857,0.912203044
1952,8.108161719,5.362070459
1356,8.109360221,2.643318803
1492,8.112760179,1.556907611
587,8.114695059,4.269152634
1387,8.115407505,2.82808904
1468,8.119924601,6.169123448
1490,8.122717752,1.536834061
1946,8.125865091,5.33622148
1942,8.126608033,5.000835305
1460,8.135015599,6.664580559
584,8.135994891,4.945519785
1921,8.136794798,5.837327709
595,8.139842123,4.792641224
1612,8.142134965,7.749817559
1649,8.149288851,1.237573967
1937,8.150318534,5.694393001
1467,8.151126337,6.090015978
180,8.152436239,0.542920223
1954,8.15361649,5.89101712
1514,8.155186079,1.867671015
1389,8.156352345,2.900869831
2340,8.157590675,3.211901615
1501,8.164801635,1.496145398
1465,8.165389271,6.297433422
1945,8.167881253,5.928808404
583,8.175122746,4.298892806
1542,8.177428589,6.511832315
1351,8.178674959,2.775118446
1454,8.178994891,6.294488521
1022,8.184815951,2.870567791
579,8.185717281,4.66270359
578,8.189664149,4.75850042
1497,8.191731538,1.400026963
1499,8.198155106,1.880742022
1963,8.202977436,5.153668223
1579,8.205887595,6.852840417
1363,8.207107842,2.350732976
1375,8.207452362,2.077068325
1517,8.207804903,1.726670838
1904,8.208934568,5.715450561
1364,8.21020743,2.979768053
1455,8.213131498,6.570164467
2235,8.213783293,3.456322732
1949,8.214400041,5.759690814
1599,8.215299147,7.249043083
1659,8.221104275,1.478300336
1012,8.22414118,2.242257302
1567,8.226726036,6.304171057
1623,8.228513684,7.977464165
2225,8.231362893,3.868072073
1607,8.234850069,7.348677815
1580,8.235581941,6.317503166
1474,8.235847876,6.916617738
575,8.236510016,4.653274116
569,8.237860003,4.350476981
1956,8.248199213,5.32734002
2228,8.252202955,3.184270218
1020,8.253204925,2.326071719
1934,8.25782192,5.431117083
596,8.259695792,4.939965531
593,8.262207158,4.968795305
2242,8.262773027,3.601257303
1606,8.262847723,7.158964676
1544,8.272344511,6.440333285
1915,8.274914499,5.262966967
2334,8.275171977,3.225372407
1610,8.275174088,7.549236752
1903,8.275406774,5.209037229
1666,8.279806361,1.22415892
1018,8.281812311,2.740843758
1917,8.281812732,5.404874722
1935,8.291216966,5.071937791
317,8.29348757,8.051938017
2338,8.293519654,3.682377303
2349,8.294446842,3.947701431
2336,8.298943782,3.281543967
2229,8.300395745,3.919298449
2244,8.306131453,3.704312851
1017,8.307047225,2.165236781
1021,8.309054311,2.670460716
1627,8.310788942,7.574824849
1918,8.3136425,5.441800893
195,8.316698772,0.267303831
1008,8.31694942,2.465697182
1516,8.317556776,1.213656374
1546,8.317862258,6.261866856
581,8.323319565,4.106895465
305,8.324026377,8.75192651
1923,8.329370277,5.235178404
2238,8.33435902,3.645593955
184,8.340118133,0.896786381
2344,8.340574688,3.540577628
1355,8.341304381,2.69703717
1602,8.341928481,7.973275249
1019,8.344343644,2.928385255
1383,8.348934413,2.840547161
2234,8.35472522,3.421292737
2341,8.36496822,3.595085534
1929,8.365808007,5.476609264
1911,8.367440084,5.652429697
1377,8.368421217,2.133195116
1498,8.369105625,1.163081377
1344,8.379712464,2.487517593
1493,8.384078761,1.15706607
1573,8.384622141,6.200324054
1622,8.386856469,7.213574625
2342,8.388710488,3.136060242
2329,8.389239769,3.068826344
1358,8.39454426,2.97579311
1651,8.404335657,1.257480854
1953,8.408071263,5.096359426
1926,8.408952977,5.615045125
1625,8.408989559,7.185650529
1477,8.412004491,6.613412929
1379,8.414183424,2.722034623
2337,8.41599608,3.769215543
1511,8.416817611,1.635999011
1626,8.418116945,7.286679971
1614,8.424478988,7.329050672
1564,8.42672912,6.877388884
1494,8.427038734,1.088775533
1015,8.42765179,2.057774689
1488,8.430876475,1.122040699
1547,8.432273571,6.663979913
1661,8.434950051,1.391993037
1604,8.434967403,7.443522434
600,8.435885195,4.040244312
1905,8.437361443,5.439094494
568,8.439916,4.164175622
1011,8.44313791,2.18409735
1457,8.445833923,5.998530194
1361,8.447546467,2.543981452
1658,8.448140167,1.944465294
1558,8.454711895,6.710547963
1475,8.454880201,6.240838091
188,8.455908205,0.06487909
309,8.4569996,8.411169354
1568,8.457195463,6.626598332
1611,8.45930202,7.787547179
966,8.473794108,9.707623317
582,8.47416375,4.544187556
196,8.475551308,0.775522335
605,8.480288856,4.220039574
1376,8.487228608,2.723638315
1388,8.49299533,2.542576222
1928,8.49597936,5.058597841
1512,8.496558009,1.624912346
1009,8.5002169,2.360369165
1572,8.500831997,6.664739294
1617,8.503623676,7.919242981
1554,8.506373378,6.146470977
613,8.512921291,4.739718407
1665,8.513913848,1.151570704
1513,8.515968473,1.773712445
1660,8.519775759,1.353373395
1630,8.524658734,7.704384213
1489,8.528030882,1.518770604
1577,8.52927783,6.311205773
1381,8.529382626,2.816882738
316,8.529862621,8.332923585
960,8.534033721,9.524911009
603,8.535103704,4.01565676
1593,8.536563724,7.484443638
2343,8.543829943,3.136527081
2231,8.546338762,3.63190134
1342,8.553441702,2.19731931
1476,8.556570618,6.434707616
1016,8.557007433,2.304587942
1504,8.561828528,1.957720605
2237,8.562582095,3.981646763
1353,8.562964526,2.957487327
1636,8.563716347,7.930394931
1505,8.567016329,1.456444188
1560,8.573595104,6.376998489
1663,8.574959277,1.843136324
1662,8.57667424,1.600328664
1920,8.580391191,5.226225724
1590,8.584987915,7.167276404
177,8.589289467,0.076596073
1933,8.592671269,5.212664317
1600,8.593499427,7.08048947
2236,8.594278097,3.022815132
1668,8.594932209,1.187613203
1462,8.595896396,6.768787237
1616,8.596053199,7.429448116
1360,8.599987749,2.410279495
1628,8.603423572,7.862159775
1925,8.605995499,5.642679353
2223,8.606738551,3.24180016
1371,8.612955085,2.556221843
1552,8.619280166,6.910918368
1936,8.619820739,5.052910455
604,8.619915951,4.54717595
1624,8.624773216,7.034517437
2346,8.625241481,3.242618308
1939,8.625675272,5.259972233
1608,8.626936526,7.307840899
1384,8.635255761,2.050502258
1487,8.636438668,1.09859594
1380,8.63802627,2.53393299
1563,8.643167417,6.792387501
1561,8.643175636,6.570183655
597,8.64333239,4.950219191
1654,8.643530999,1.165752561
1669,8.644532012,1.827542079
1367,8.644639365,2.602435419
2345,8.646043725,3.074113121
1365,8.646196436,2.859169534
1545,8.648729241,6.052653934
1919,8.650738027,5.827586403
1366,8.651882363,2.200210466
2339,8.65189442,3.107936606
1463,8.652599318,6.81313384
1618,8.652695027,7.533463728
1922,8.666091084,5.291684161
183,8.667459317,0.539251181
176,8.669501551,0.468404788
1621,8.672024905,7.415083321
1459,8.674549936,6.433934317
1345,8.676113011,2.433783693
1576,8.676147777,6.067589967
1931,8.676634547,5.188617917
1601,8.678868211,7.710291472
1574,8.682057018,6.847644764
1648,8.683122395,1.13262764
1508,8.684532131,1.361113687
1010,8.686300527,2.325883411
1481,8.687031198,1.949700361
303,8.687185591,8.46149078
1924,8.689734387,5.210395306
1941,8.690084669,5.478403618
1382,8.690385577,2.361971369
1373,8.690947838,2.977883536
1620,8.69504789,7.954690548
1014,8.69766723,2.579067892
1386,8.700047823,2.630539041
1927,8.704139827,5.781918632
1910,8.705240817,5.353392718
1964,8.705744862,5.792026229
1553,8.711920667,5.996918884
1947,8.715034747,5.839479557
1354,8.716598578,2.260899117
1550,8.721097017,6.078449215
1458,8.72906905,6.865733395
591,8.731945908,4.893441551
590,8.734771438,4.383582202
304,8.739447412,8.640852448
1350,8.748546216,2.060011209
1013,8.754500912,2.422087931
1486,8.75515649,1.99921492
1655,8.755489249,1.070110825
1456,8.755599531,6.973665893
1914,8.756028704,5.295737445
181,8.761952344,0.40612751
598,8.763002763,4.55514704
606,8.767117751,4.893443967
1352,8.768018246,2.918661566
614,8.769380339,4.848295092
1615,8.773908137,7.723342418
1667,8.781891833,2.005294951
1958,8.782788029,5.296434164
1597,8.783589682,7.10934103
1510,8.785227309,1.204127179
1566,8.785690922,6.218982575
592,8.791067762,4.401204055
1592,8.791211248,7.006979846
1647,8.792016558,1.802366721
1637,8.793495429,7.939984369
570,8.795546447,4.180101834
1591,8.797501821,7.903832289
1912,8.797727372,5.278889121
1948,8.799959878,5.451809438
1938,8.810475272,5.066788508
1653,8.814411021,1.963698755
594,8.819352268,4.406399862
599,8.821267908,4.813232157
2224,8.821934436,3.528468516
1370,8.825057873,2.879047537
2222,8.828429402,3.079441943
178,8.830305524,0.253927893
611,8.832768794,4.802996486
310,8.836559214,8.392472832
1565,8.838079262,6.342629901
1556,8.842791263,6.269639369
1495,8.842912147,1.927786168
306,8.849329804,8.970316665
1619,8.850270827,7.44228216
1605,8.850542558,7.777583334
1570,8.854564441,6.0236902
1502,8.862572375,1.689859492
1515,8.871093013,1.016681568
1359,8.873718851,2.379335644
1496,8.874492908,1.354597416
1007,8.878714476,2.601530253
1555,8.879111677,6.858954261
1575,8.879304678,6.660659673
1551,8.880705268,6.536023836
1932,8.880885326,5.885452289
1559,8.890565166,6.034385649
2226,8.891943303,3.747994789
2347,8.89264933,3.558212966
1480,8.896822845,1.871442027
1609,8.89914491,7.661770904
2240,8.899510409,3.569502352
189,8.900191226,0.08806846
1557,8.903202037,6.817887065
1930,8.903919003,5.724181149
1950,8.906827123,5.479816206
577,8.912436377,4.178545461
1951,8.916049384,5.314884072
190,8.920171642,0.751188419
2327,8.926496033,3.123083939
1491,8.929341129,1.405589883
1378,8.936134769,2.555972583
1962,8.944634287,5.315420304
1385,8.946464853,2.002305856
1537,8.946839562,6.354703061
1503,8.949385964,1.501929496
1652,8.954220104,2.000017216
1343,8.95669876,2.078086851
1543,8.957161272,6.807779489
580,8.957427982,4.161336931
1629,8.957834064,7.242142237
2333,8.958133399,3.292843402
1598,8.959981449,7.389448145
1548,8.960422178,6.34365083
601,8.963578351,4.398461534
1362,8.963882659,2.021030291
1549,8.965624035,6.526104459
2245,8.968524412,3.711310764
2326,8.968822893,3.009411752
1578,8.970556465,6.985365367
2232,8.970846766,3.727691806
1479,8.971088034,1.475267968
612,8.971833961,4.092702507
1603,8.976016881,7.023731577
2243,8.97681729,3.789994819
187,8.977675734,0.972350379
1571,8.980751769,6.145665994
576,8.98408042,4.927722572
1957,8.987368872,5.026478184
2203,8.992610713,2.613621263
2647,8.992759657,4.679120121
2160,8.993504765,2.68260863
1968,8.999008762,2.892754071
2335,8.999728403,3.14562721
1982,8.999760467,2.79739961
1500,9.001653844,1.746612251
1461,9.002034617,6.856797802
2227,9.003498297,3.442136663
1002,9.003710834,5.305399269
1374,9.003765088,2.051777406
2721,9.003846718,6.831548587
2710,9.007421164,6.620186998
2120,9.010156033,2.885075942
2181,9.010620846,2.012261705
3362,9.011819328,7.3933379
3339,9.012349609,7.82436837
2126,9.012971339,2.813847007
2102,9.018828953,2.343751809
1974,9.019149619,2.924526565
1985,9.022874869,2.579650126
1978,9.023714048,2.37964032
2065,9.024518836,2.594479499
2112,9.027442053,2.383673357
1212,9.031532373,1.774785534
3346,9.037130513,7.754446486
1141,9.037185703,5.620404646
2108,9.037569743,2.353124654
2133,9.038799235,2.227273364
1995,9.040837587,2.532968512
2064,9.041134077,2.959367381
3329,9.042772339,7.870228734
2972,9.044584076,9.415922415
1988,9.047954562,2.390261396
2091,9.050472297,2.740062062
3351,9.050970143,7.815056214
1221,9.05126996,1.78940522
2968,9.055507348,9.97318017
2644,9.055689719,4.186374969
2215,9.05853149,2.409290347
3357,9.064206569,7.132238437
2731,9.066932307,6.84648594
63,9.068231482,3.49715476
2715,9.069970361,6.984360296
106,9.071818967,0.526771403
2720,9.071976784,6.278075363
2184,9.075804577,3.002584233
2078,9.076067412,2.961064356
3355,9.080968137,7.585071224
2163,9.082242122,2.07598844
2191,9.087813414,2.204100017
1970,9.088893665,2.0491652
2213,9.103438879,2.28763677
2132,9.105290438,2.958465508
1165,9.106947831,5.383159021
2313,9.108985715,8.834792449
1150,9.11674768,4.999077162
1163,9.119533224,5.660887709
2725,9.120462037,6.949931163
2117,9.122902838,2.064479145
1222,9.12296771,1.673441833
1994,9.123763714,2.974274247
2171,9.127454439,2.945421894
2643,9.128634127,4.659589315
82,9.131024185,3.227942088
2140,9.131983513,2.688473618
80,9.1320631,3.082749866
2177,9.133517513,2.524999335
74,9.135080824,3.305804114
58,9.138725268,3.620344105
2648,9.14820494,4.445240732
2094,9.151195311,2.99444781
2125,9.155556672,2.87371449
2201,9.1561226,2.116074806
2980,9.157359755,9.720584156
1980,9.157365074,2.197279949
2183,9.160207261,2.23321128
108,9.171545184,0.286766251
3358,9.172813397,7.027561124
2652,9.17300518,4.343606075
1172,9.173526397,5.51999598
3332,9.175804005,7.629464855
79,9.180933227,3.039745523
68,9.182295808,3.166476599
3356,9.182994515,7.208556167
2979,9.185705249,9.140778924
2114,9.185967742,2.226199243
2323,9.189295337,8.979749977
1156,9.190664486,5.461026281
2199,9.193891495,2.100904854
2212,9.197356001,2.088695913
2162,9.198904454,2.521645207
1148,9.200864026,5.040581995
2063,9.205386203,2.465122691
57,9.206455319,3.956106169
2080,9.208180559,2.456075738
2712,9.210996232,6.701146527
2640,9.215735121,4.773800047
2211,9.218921685,2.379158925
2969,9.221375311,9.569633249
1149,9.222481678,5.492249367
3333,9.222861625,7.812148937
2130,9.230081443,2.512643629
2020,9.230865362,2.202013212
2318,9.231169613,8.919361812
2321,9.233031566,8.36213079
2217,9.242942473,2.598342805
2973,9.244614376,9.59984281
2650,9.245148099,4.332247019
2315,9.2453551,8.234846183
2646,9.252071235,4.179760289
1146,9.26115638,5.267114577
2139,9.264226578,2.807716388
2088,9.278728166,2.524116657
1158,9.279151142,4.997843076
2221,9.282871432,2.71766299
2018,9.284598758,2.833111609
2180,9.285071877,2.783403337
1997,9.288817796,2.560279291
2214,9.289488214,2.161876447
2015,9.29152717,2.852324402
1993,9.292930224,2.558827963
1147,9.300417848,5.812870211
2175,9.30080711,2.434959634
1986,9.300870268,2.863318845
2084,9.301350804,2.823718812
2718,9.301705229,6.456475939
3365,9.302881293,7.211156313
99,9.304382798,0.77013884
2642,9.305405914,4.710674534
110,9.306550961,0.612467705
2116,9.311860341,2.248422059
2002,9.314284563,2.142640103
1987,9.314494993,2.680852944
1005,9.315210271,5.486063454
3321,9.318130088,7.966792658
2016,9.320535113,2.521803914
1213,9.320788475,1.526896368
2179,9.322862787,2.073262829
93,9.323272253,3.019916441
107,9.32408712,0.831154497
2189,9.327340583,2.456682773
2111,9.329143226,2.695867856
2312,9.330191091,8.811321997
1000,9.33376966,5.366967427
2185,9.337780345,2.752025754
2119,9.338321607,2.942545952
2003,9.342042839,2.353878741
1983,9.342762243,2.846863563
76,9.344613444,3.15958991
2305,9.345333535,8.489073701
3350,9.345596789,7.648751836
2208,9.351298796,2.996912911
1992,9.3523573,2.390335403
2722,9.355379824,6.570599997
1973,9.358951257,2.407190494
2097,9.358952124,2.11404161
2193,9.367924766,2.843164463
2028,9.369781294,2.374053217
1201,9.371917973,1.714913858
2098,9.372130345,2.370632096
1991,9.372821226,2.754812435
2967,9.372925904,9.599137785
2077,9.375332641,2.974809157
2029,9.380130625,2.781647514
2000,9.380280424,2.678096654
2719,9.384729736,6.622776768
85,9.390960333,3.120202707
3364,9.394533171,7.654097011
1142,9.394805894,5.721966503
1966,9.396447194,2.869083434
101,9.399078017,0.725418891
3326,9.40011265,7.811443743
1143,9.401233975,5.546556776
2010,9.406975907,2.048815318
2705,9.407130508,6.772764443
2220,9.407392002,2.579976976
2202,9.408212107,2.350307217
1214,9.408490085,1.737785268
1137,9.409750092,5.703288767
1157,9.413250101,5.951030021
2101,9.414395416,2.419336097
2704,9.41532155,6.219171956
2134,9.416272228,2.841959293
2638,9.422410101,4.740554231
1967,9.422498507,2.063208458
90,9.422583585,0.60462748
2001,9.42500932,2.091704082
2004,9.427224927,2.351368056
1219,9.428178306,1.368453162
2011,9.429444591,2.966990874
1996,9.429468521,2.687278946
2172,9.431541443,2.772326722
71,9.437397103,3.636108307
1217,9.448906241,1.23962214
2021,9.453244592,2.246035149
2170,9.45362537,2.594527502
92,9.454936511,0.230136396
2207,9.456098623,2.623872521
2196,9.457078949,2.23185444
84,9.457088508,3.697095961
2013,9.457894509,2.106764175
1220,9.459404618,1.950156065
2106,9.460477569,2.75245071
2105,9.464208072,2.409441234
2174,9.469896426,2.039763847
1139,9.473785179,5.941952567
2310,9.474198849,8.376327166
2709,9.476507062,6.943990737
2713,9.478778347,6.383806795
103,9.479857949,0.663245391
1171,9.482899662,5.289078692
1159,9.48296518,5.693006672
2014,9.48459308,2.157628233
3328,9.487969429,7.118251086
1215,9.488252056,1.877741978
3331,9.488688249,7.089843245
2159,9.496184786,2.903443183
2103,9.497077089,2.730111434
3340,9.497197986,7.787373039
1155,9.503528972,5.415243049
2206,9.504560967,2.952339895
1138,9.506177256,5.530059853
2123,9.506303188,2.844997267
1972,9.510884968,2.428291852
2186,9.512493739,2.345174189
1981,9.512514609,2.050005456
1971,9.512917228,2.524011244
78,9.516218212,3.641740795
2128,9.519638331,2.673395799
94,9.521501155,3.225341147
2099,9.523870951,2.571229963
2076,9.527938474,2.199364312
2113,9.528399992,2.091785188
2081,9.534641042,2.384019516
72,9.535536249,3.660395355
2107,9.535945258,2.931547182
83,9.538164773,3.069921036
104,9.548950587,0.322591286
2314,9.550509342,8.048398222
2190,9.552506447,2.798017945
2309,9.554327865,8.507784533
1202,9.555747643,1.801780327
2158,9.560632238,2.149495245
2023,9.56093074,2.18954057
1161,9.561694843,5.210617904
2082,9.565172292,2.964563551
88,9.56569758,3.906641278
1173,9.566096807,5.228842906
3345,9.567009362,7.757307153
2138,9.574235579,2.12067179
2717,9.578361353,6.258187214
2730,9.579278411,6.31810243
2085,9.57967745,2.076849203
3341,9.580016933,7.554039305
100,9.581036894,0.591615364
2216,9.582994487,2.023496918
3359,9.584646305,7.191911205
3349,9.584967359,7.827592503
2303,9.585314289,8.16027691
2708,9.590767783,6.153728627
3334,9.591072574,7.073413327
2308,9.591216779,8.180408087
102,9.591370281,0.733779884
2070,9.592676857,2.29480436
2714,9.59465567,6.748289809
2135,9.594851814,2.387667337
3354,9.595434426,7.960555554
2093,9.602800232,2.080043878
1151,9.603485821,5.72307528
2141,9.604834248,2.679877573
77,9.605063236,3.19937779
2110,9.605194694,2.440820245
2317,9.607992094,8.677315261
2074,9.608297913,2.855708247
2115,9.608530208,2.00704795
1164,9.618984703,5.101932892
2331,9.619310999,8.793165661
3336,9.62082215,7.077290311
2161,9.625338397,2.033698837
2176,9.631388343,2.794251876
96,9.634647928,3.598964394
3353,9.636775521,7.053685454
2200,9.640181731,2.64861347
2167,9.640327514,2.189306578
2324,9.643111495,8.931130776
3344,9.643987598,7.25808899
2008,9.644594029,2.39610328
2012,9.646044435,2.899162925
2025,9.649081632,2.691167827
2319,9.651734085,8.715082268
2194,9.653509673,2.048333607
1979,9.655596061,2.570116961
64,9.658493376,3.543846956
2320,9.65853514,8.165838681
2079,9.659646172,2.880759792
2311,9.662681836,8.239506497
98,9.664617236,0.983394399
2100,9.667601705,2.75196093
1162,9.670093061,5.885836551
2218,9.670730712,2.023488398
2970,9.670878872,9.941553192
1166,9.675352187,5.585629685
3352,9.677099302,7.771375161
2118,9.679165965,2.876320926
2089,9.679632518,2.112984495
73,9.685744874,3.49341152
1006,9.689130573,5.940988522
1969,9.702746433,2.228559377
2197,9.705192827,2.220703996
2966,9.7053941,9.383008388
1152,9.70576307,5.64802336
65,9.706109866,3.24623629
2641,9.708785166,4.331601326
3348,9.710324773,7.942111466
1998,9.713699576,2.2694997
2027,9.713893481,2.451293198
2166,9.714346681,2.399856963
2302,9.715602116,8.13500121
1144,9.715775102,5.606472787
3337,9.71602933,7.943230857
2322,9.716465166,8.33321578
2188,9.718817745,2.410862138
2724,9.720294288,6.11636526
2169,9.72174369,2.206250837
2651,9.72268424,4.225523681
2168,9.724819557,2.417255525
2006,9.725374322,2.20417176
1218,9.727778008,1.546765428
66,9.735957258,3.945841676
2072,9.736006366,2.520494444
87,9.739466574,3.579322935
2649,9.741137124,4.452149618
2127,9.741864476,2.391699622
2182,9.742011186,2.023716393
2165,9.74248129,2.241870856
2164,9.743311625,2.266397184
2198,9.746899298,2.025004227
999,9.747953214,5.568370903
2022,9.752889126,2.059860233
2122,9.758870967,2.051505799
2703,9.761527781,6.058234633
1145,9.761851803,5.843663636
1975,9.765663437,2.839849626
3330,9.769246726,7.489060908
2639,9.770461476,4.162066355
1153,9.776766322,5.783032054
89,9.777873248,3.501412659
2026,9.778005612,2.952080098
2124,9.778590941,2.924062548
2173,9.780974913,2.964907623
2104,9.782174633,2.736302894
86,9.78399843,3.794342775
2005,9.792319351,2.408526824
3343,9.792807727,7.462521568
2073,9.793705718,2.491591926
3327,9.796890055,7.274170896
2109,9.797068518,2.520530291
1135,9.800912526,5.506175967
3338,9.803289709,7.262856189
2187,9.805321475,2.427125697
2086,9.8056887,2.746421591
2645,9.808151847,4.014806876
1216,9.813211685,1.938194968
2071,9.815364035,2.516624945
2009,9.816645678,2.017174854
69,9.817319725,3.950942985
1136,9.820339993,5.739842715
2096,9.820629813,2.472155081
1208,9.827147456,1.820605741
2129,9.829301895,2.479634975
2711,9.829641286,6.574565419
2723,9.830522048,6.160379254
60,9.831464283,3.728671218
2716,9.831617781,6.618536123
2219,9.83472359,2.299248121
2732,9.835293393,6.12039775
2205,9.840032679,2.049605107
2121,9.843045278,2.652967049
1989,9.844040732,2.894370412
3335,9.847076871,7.937088341
2702,9.848147373,6.913430181
2075,9.849837167,2.865728039
95,9.851298659,3.929748881
2325,9.869105971,8.543202249
67,9.87006171,3.408993535
1999,9.87622297,2.277609882
2083,9.879303587,2.782033951
2653,9.883282424,4.74492317
2316,9.883635819,8.630057028
2178,9.888081099,2.563264999
2017,9.891659558,2.989392307
3363,9.89550147,7.305073111
3347,9.897286543,7.56266523
2019,9.898306013,2.207175743
3342,9.898713208,7.311517722
1210,9.901012615,1.888510632
2210,9.904159541,2.959797296
2024,9.906713872,2.616298569
1976,9.908299544,2.334208468
1209,9.911736246,1.164078652
2330,9.911917843,8.63775488
1977,9.918415637,3.003337603
81,9.92408805,3.59329907
59,9.926085149,3.422305616
1160,9.928970101,5.165695091
109,9.932306659,0.218823566
1984,9.932645813,2.199858766
2007,9.934379467,2.390935696
2304,9.935302535,8.507481995
75,9.936700798,3.598569747
2131,9.937155549,2.331665339
1140,9.938025068,5.726675316
1001,9.941349288,5.42360583
70,9.947686118,3.061660969
91,9.958978816,0.983255582
2095,9.96117868,2.602018662
1990,9.96214731,2.335557764
2971,9.962969428,9.559383442
97,9.969537298,0.90293654
1207,9.974292109,1.449985537
2209,9.975824307,2.281840743
1211,9.981690289,1.456443521
2204,9.982134412,2.209654628
1154,9.983204643,5.008724856
2092,9.984915879,2.245017595
2195,9.985374376,2.117263723
2087,9.985391278,2.829583997
2090,9.986440279,2.805861574
2192,9.98808438,2.153938415
2739,9.991011104,7.725999013
886,9.993360692,5.358747916
2978,9.995796011,9.616455365
749,9.9983338,5.328586347
105,10.00107423,0.642017699
2740,10.0044877,7.400850882
2584,10.01373591,9.244848371
2752,10.01382236,7.171653829
1584,10.01487174,0.66275566
916,10.01564831,6.752802004
2824,10.02089362,7.112586699
3197,10.02159405,1.381990915
3,10.02514993,3.372960253
2756,10.02847607,7.648619395
660,10.03212248,2.420035753
2951,10.03532842,8.340031144
892,10.03801723,5.611522259
2763,10.04340105,7.445962756
2822,10.04696747,7.676880013
1,10.04814333,3.316078609
2948,10.04924923,8.216954385
2853,10.05118533,7.647829302
924,10.05205803,6.731408513
2745,10.05304954,7.163238084
2950,10.0536361,8.684218863
931,10.05992954,6.08547474
905,10.06279496,6.895466986
629,10.06286517,2.365335953
930,10.06328385,6.798733375
2952,10.06400581,8.446630271
882,10.06428821,5.94267398
634,10.06728399,2.85506246
3053,10.06730242,1.58197883
747,10.06760224,5.095829991
2939,10.07207389,8.963763316
2860,10.07244296,7.492758597
3048,10.0746158,1.094833205
653,10.07553287,2.682845659
2851,10.07618884,7.264110493
941,10.08037782,6.723916366
625,10.08706195,2.513198923
2848,10.09070687,7.81706039
738,10.09333332,5.115321717
3186,10.1009256,1.885189081
2844,10.10362026,7.311558393
2839,10.10377536,7.368917847
646,10.10424372,2.779496464
1594,10.11159795,0.469172131
912,10.11559691,6.581867221
1595,10.11743833,0.925419349
639,10.11827624,2.372737773
3184,10.12246372,1.795935715
918,10.12901091,6.722242053
928,10.12950492,6.691488753
627,10.13063984,2.930393714
2942,10.13289074,8.230984028
3127,10.13424906,4.331525224
2828,10.13846515,7.261146566
2956,10.13950753,8.600758177
13,10.14200389,3.867427429
3305,10.14204144,3.656927258
897,10.14555056,5.308668991
630,10.1473936,2.561549892
910,10.14745055,6.704344188
3123,10.15013349,4.231074489
488,10.15150565,2.461536152
940,10.15273691,6.037333334
6,10.15344265,3.95588792
2935,10.15520542,8.266949673
2856,10.15969953,7.949720858
2855,10.16477388,7.397041948
16,10.17289493,3.442587199
2929,10.17560843,8.137007382
2852,10.17696225,7.581155346
2960,10.184196,8.291410702
920,10.19117897,6.428062834
659,10.19216385,2.065594041
2837,10.19465517,7.210343367
5,10.19568324,2.992469971
494,10.19598238,2.459909114
3196,10.19900401,1.529050122
3192,10.19993485,1.130357994
913,10.20831282,6.326294668
3450,10.20950583,3.375302169
641,10.22666687,2.797970432
2927,10.22819884,8.403539602
2764,10.22834503,7.699532007
490,10.23331268,2.475598804
885,10.23659455,5.295197459
3133,10.23830354,4.221143713
901,10.23902426,5.855646444
934,10.23951985,6.916016425
3442,10.24206976,3.265292435
887,10.24264773,5.255072011
654,10.24398379,2.557212549
2953,10.24437142,8.858274452
2943,10.24626728,8.662752627
883,10.24726088,5.431686637
3445,10.25014755,3.280239922
3119,10.25093526,4.146887658
1582,10.25110213,0.230081924
895,10.25582184,5.365658161
2833,10.25829981,7.162659952
487,10.26635835,2.537054217
2963,10.2689724,8.898445492
3439,10.2732647,3.944308876
2838,10.2739162,7.248360096
2754,10.27399398,7.186575086
652,10.28122605,2.895562274
623,10.28319598,2.342569883
891,10.2835774,5.866330468
2842,10.28867534,7.222663236
906,10.29051617,6.649206621
3122,10.30045097,4.441991661
2859,10.31196436,7.327724608
624,10.31763202,2.499498825
7,10.32050033,3.334210722
746,10.32269717,5.36431436
2827,10.32519586,7.896478649
647,10.32591093,2.583931585
3451,10.34018256,3.139558507
926,10.34134092,6.346933211
2957,10.34271262,8.16389578
2735,10.34271994,7.45030106
3453,10.34604419,3.379758308
2861,10.34748306,7.069265966
2836,10.3561568,7.530860036
3049,10.36043806,1.296093185
2738,10.36103079,7.881045309
2817,10.37080591,7.54270837
2741,10.3717868,7.555004493
3191,10.37221316,1.842037279
650,10.3725272,2.470845942
3132,10.37429479,4.590943049
632,10.37439635,3.004006359
3183,10.37478357,1.61919631
2947,10.37794674,8.697439001
927,10.3791885,6.972315002
8,10.38041216,3.6017148
917,10.3857225,6.623346433
3195,10.38889578,1.064747387
737,10.39117908,5.298378182
889,10.39315855,5.506650788
896,10.40489334,5.845667992
492,10.40825133,2.664046396
2940,10.40840761,8.621113728
939,10.40870342,6.471095765
744,10.41946313,5.666583262
879,10.42800954,5.023268284
904,10.42944579,6.684989267
491,10.43394778,2.845830933
3441,10.44304134,3.623016635
2830,10.44509293,7.670932788
2847,10.4458541,7.141867451
14,10.45644375,3.022394336
482,10.45843053,2.037230375
3118,10.45849004,4.080009318
735,10.45975934,5.613367539
3449,10.47050809,3.123296017
638,10.48323429,2.519188914
884,10.4929094,5.382162667
881,10.49365992,5.839246269
903,10.49763985,6.167245334
2755,10.50093989,7.171115168
2849,10.50141117,7.086492962
743,10.50910588,5.971125934
2826,10.51082128,7.736385058
3131,10.51549957,4.06708393
1583,10.52502567,0.497792292
900,10.5283912,5.773126025
902,10.53502013,5.027060752
2762,10.5432429,7.554456872
2831,10.54549164,7.470406061
3126,10.5464834,4.103482467
2751,10.54692419,7.968215344
2850,10.54715394,7.234049094
922,10.55464678,6.550470698
2964,10.55495283,8.042286873
2962,10.56293778,8.652575949
2954,10.56301732,8.824346197
2832,10.56410497,7.92010092
3189,10.56823394,1.010486672
2750,10.56911943,7.887355625
748,10.57836852,5.528568421
2928,10.57952272,8.648398185
2589,10.58757943,9.678034541
640,10.58891485,2.472435996
2938,10.59578442,8.884951662
2841,10.59653736,7.748068949
1585,10.59855256,0.48092044
2748,10.60047914,7.688507021
2736,10.60310099,7.118422626
643,10.61199805,2.623523563
2825,10.61304797,7.595757881
626,10.614513,2.070698279
921,10.61659774,6.604972281
736,10.62486417,5.124252978
2747,10.62645887,7.425306634
2934,10.62664055,8.147172354
2857,10.630887,7.242519279
2744,10.63320339,7.050629872
925,10.63498243,6.042606547
2936,10.63689859,8.390968173
888,10.6377762,5.703632684
649,10.64058341,2.296225448
2734,10.64072067,7.477227779
3448,10.64951053,3.370080404
3447,10.65377685,3.305792705
645,10.66931785,2.1592128
2941,10.67132668,8.549113054
651,10.67683905,2.145689243
2946,10.67699237,8.73366236
2945,10.67700656,8.886287125
3188,10.67859417,1.202961596
648,10.68022448,2.561911722
633,10.69332109,2.91483953
893,10.69533506,5.058401179
3444,10.70084252,3.221801256
2743,10.70627534,7.884447187
3130,10.71308117,4.854222836
3187,10.71641987,1.032125169
3185,10.72247711,1.019511968
894,10.72672244,5.058097361
2926,10.7267676,8.497088892
750,10.73472471,5.002665426
3440,10.7348613,3.572711553
2944,10.74126725,8.319733626
2949,10.74294392,8.293563834
636,10.75164613,2.669221968
2583,10.75318936,9.82353166
911,10.75566307,6.212034352
909,10.76039363,6.000894002
3193,10.76317373,1.460243007
2846,10.76391236,7.955940525
2829,10.76704416,7.205989465
3124,10.78220882,4.264852959
899,10.78774263,5.560082117
489,10.79132887,2.378047443
880,10.79140616,5.537042029
3121,10.79257584,4.508951298
3443,10.79524007,3.687083439
3182,10.79693619,1.372887094
2937,10.79797684,8.689133581
3452,10.80173437,3.495091702
3446,10.80544014,3.466524536
919,10.80648214,6.629005662
3047,10.81039169,1.19013682
3046,10.8155494,1.083032807
898,10.81857716,5.220469011
2582,10.82111532,9.46938798
2955,10.82448939,7.995988625
745,10.82547465,5.116675687
2840,10.8284465,7.487041059
1589,10.83598392,0.646321074
15,10.83763921,3.365951339
2,10.84257509,3.4784596
915,10.85296368,6.68456048
631,10.85372073,2.219460476
644,10.85609209,2.768702007
3194,10.86132095,1.809029446
923,10.86188472,6.018237162
2958,10.87002741,8.501329248
628,10.87399261,2.424213525
3125,10.87466107,4.789101722
642,10.88647817,2.360135348
2816,10.8894252,7.412336826
2959,10.89162233,8.526728049
2742,10.89309097,7.978254723
1588,10.89334284,0.919248383
2823,10.89776442,7.894873325
3120,10.89937135,4.929999991
942,10.90334435,6.437331836
3438,10.9051023,3.923292324
2965,10.90636298,8.298777186
2845,10.90750843,7.607864585
2757,10.91245562,7.150882837
1596,10.91305198,0.982116221
2737,10.91449878,7.579232017
929,10.92170338,6.76061739
493,10.92303989,2.594428005
2854,10.92650392,7.052573985
2835,10.93221519,7.653835899
2843,10.94003914,7.476241468
932,10.94035705,6.415287718
907,10.94703595,5.149334567
2834,10.94860924,7.313168575
635,10.94940667,2.320222196
933,10.94942131,5.994128145
2749,10.95183829,7.945549198
2746,10.95449621,7.208054793
481,10.96183355,2.567661701
661,10.97604626,2.914128714
4,10.97821537,3.631936656
3190,10.9802673,1.850331441
2753,10.98094175,7.758091461
914,10.98491149,6.58901391
890,10.98518615,5.76614022
2858,10.98684992,7.808449832
2961,10.9875432,8.974368688
637,10.99027229,2.76705601
908,10.99688849,6.68903485
115,11.02727013,1.33140548
3031,11.02806189,3.34391611
343,11.03160308,1.243156145
3038,11.05333589,3.214054996
118,11.06055639,1.655616882
2155,11.06324614,8.81974648
11,11.08921177,4.067660066
53,11.09751844,0.960883191
123,11.1036855,1.92989055
126,11.10784898,1.734987913
1873,11.10869644,2.898196313
1870,11.12338268,2.189902539
3037,11.1384249,3.454854586
114,11.13867046,1.435654564
1872,11.14349661,2.676208793
1879,11.14681944,2.471364111
1536,11.14810188,9.008826997
52,11.14862052,0.165917609
1876,11.15123395,2.675133975
3043,11.1647376,3.518786514
2150,11.1661842,8.446757405
49,11.16817151,0.183587831
12,11.17450126,4.45654649
3034,11.17648016,3.024846192
116,11.18106222,1.557358851
345,11.20023528,1.653938744
361,11.20227825,1.86384056
1875,11.20372278,2.191422733
54,11.21277961,0.039907313
3374,11.21827749,7.311470171
124,11.22087022,1.887963056
2144,11.22553531,8.244686887
1871,11.22783242,2.536199348
363,11.23139078,1.941270295
354,11.23607016,1.381859274
350,11.23815467,1.461979157
1888,11.24295324,2.210845651
131,11.24819454,1.840269012
1899,11.25060685,2.996871862
3033,11.25331101,3.113434436
2903,11.2543973,6.950769868
352,11.26666226,1.443716508
2154,11.27244568,8.352473699
1883,11.27309846,2.170161382
3051,11.27868315,3.130352581
2152,11.2835604,8.340730011
3032,11.28961147,3.430835235
132,11.2941421,1.931974062
1887,11.29416926,2.022608227
1878,11.29530362,2.623969647
3379,11.29964519,7.718471296
346,11.30500462,1.486620381
2151,11.30520656,8.922570064
1523,11.30584141,2.737765471
2917,11.30712051,6.728516213
1880,11.31439904,2.306174218
1534,11.31637012,9.338374638
2909,11.31839141,6.327231412
1877,11.32157236,2.83118378
120,11.32953162,1.338839542
360,11.33403493,1.640938437
3375,11.33460721,7.707645056
2136,11.36054075,8.665813301
3023,11.36268902,3.683588885
2137,11.36744107,8.745768527
1900,11.36974695,2.099732417
125,11.37495182,1.616048532
1893,11.38721167,2.213143219
1881,11.40372399,2.289687455
122,11.40921285,1.46069667
3022,11.40973683,3.321916557
1884,11.41806904,2.609119558
2156,11.41918787,8.139775613
2633,11.43650919,5.453366813
2910,11.43777216,6.856094611
51,11.44071832,0.517392178
1535,11.45378521,9.583848704
1522,11.45641687,2.94070816
353,11.46060207,1.44349527
50,11.46062579,0.497566223
2143,11.46724936,8.902844002
3035,11.48185914,3.711151414
61,11.4856336,0.225865772
1885,11.48972082,2.987918354
117,11.50511389,1.468819993
358,11.50643959,1.246544395
357,11.51103825,1.592900045
2145,11.51916575,8.809527719
3377,11.51968613,7.079329828
2915,11.52577154,6.610539493
1882,11.52997246,2.17313183
62,11.53874239,0.038258904
2904,11.54169406,6.254365046
3028,11.54628761,3.071590905
2142,11.55518413,8.664607035
1890,11.56324333,2.816109591
355,11.57077187,1.837515194
364,11.58020562,1.27281189
2157,11.59431436,8.3110477
362,11.61748655,1.310834539
1865,11.61980185,2.891649652
2908,11.62850341,6.653112742
1889,11.6423264,2.292868909
344,11.66132915,1.250994192
1864,11.66144695,2.060454218
1524,11.66441264,2.452168313
366,11.66459906,1.221018039
1898,11.67437081,2.253732829
3045,11.67659195,3.215044821
1863,11.67723401,2.16528756
1891,11.67725009,2.62187391
1874,11.68733679,2.913941819
2916,11.70205387,6.85865402
10,11.70547174,4.144522719
348,11.71015078,1.665540052
3024,11.71124335,3.409259247
3029,11.72234894,3.348930774
3030,11.72460062,3.844685596
1895,11.7254087,2.985424214
1862,11.7378638,2.2003977
3040,11.74397508,3.922272221
2148,11.75459854,8.21897513
1897,11.7558564,2.435965587
113,11.75905984,1.831194003
3039,11.76598359,3.153991263
359,11.76603738,1.923170222
351,11.77484298,1.056615506
3044,11.77941842,3.278825706
1894,11.7843663,2.768295809
2905,11.79453221,6.2389294
56,11.79768769,0.155623187
3376,11.81066412,7.571054806
55,11.81531783,0.708036631
43,11.8153873,7.279765754
3381,11.81749546,7.121442949
3025,11.81904726,3.761833738
2902,11.81924627,6.240404686
119,11.82262081,1.29150096
3378,11.82339788,7.934314654
1541,11.82821845,9.705953232
2914,11.83101375,6.578717525
3386,11.8345595,7.179011412
3042,11.85223842,3.816891747
44,11.86192769,7.334377666
2147,11.86195593,8.749350681
349,11.86672984,1.022520392
3380,11.86886026,7.126286347
1886,11.87716053,2.852585474
111,11.87852416,1.15101142
112,11.88212421,1.982221748
121,11.88799211,1.93602797
2146,11.88800831,8.409734191
1869,11.89690766,2.761235236
3052,11.90094561,3.78058145
2149,11.91221837,8.423495999
1892,11.91471018,2.589935753
365,11.92399607,1.872682263
356,11.92459228,1.682844635
3041,11.93776036,3.264339955
3050,11.95770155,3.688642179
347,11.96612019,1.584943072
3036,11.97538131,3.825346624
9,11.99541118,4.214800668
1896,12.00698321,2.937664382
1901,12.02883996,2.332774448
